314498713,Relax Melodies: Sleep zen sounds & white noise for meditation yoga and baby relaxation,iLBSoft,Apple App Store,"iPad, iPhone",Free,2009-05-07,Yes,Health & Fitness,Yes,1947125,,0.0,134762,,0.0
444722625,Toddler Kids Puzzles Puzzingo – Educational Learning Games,"77Sparx Studio, Inc.",Apple App Store,"iPad, iPhone",Free,2011-07-05,Yes,"Games, Education, Educational (Games), Puzzle (Games)",Yes,1924383,,0.0,586431,,0.0
487066871,Viggle,"Viggle, Inc.",Apple App Store,"iPad, iPhone",Free,2012-01-26,No,"Music, Entertainment",Yes,698065,,0.0,0,,0.0
367506176,Relax Melodies HD: Sleep zen sounds & white noise for meditation yoga and baby relaxation,iLBSoft,Apple App Store,iPad,Free,2010-04-30,Yes,Health & Fitness,No,464959,,0.0,0,,0.0
505155771,Pepi Bath Lite,Pepi Play,Apple App Store,"iPad, iPhone",Free,2012-03-13,No,"Games, Education, Educational (Games)",Yes,309481,,0.0,0,,0.0
476507543,Amazing Shape Puzzle(Deluxe)-Educational Learning Games for Preschool Kids & Toddlers Free,Joy Preschool Game,Apple App Store,"iPad, iPhone",Free,2011-11-03,Yes,"Games, Education, Educational (Games), Puzzle (Games)",No,186133,,0.0,109543,,0.0
627542889,Toddler Animal Sounds and Pictures : Learn listen and touch for kindergarten kids,Kidstatic Apps ApS,Apple App Store,"iPad, iPhone",Free,2013-05-15,Yes,"Education, Entertainment",No,132476,,0.0,54454,,0.0
706630901,Perk TV - Get Rewards for Watching Entertaining Videos,Jutera,Apple App Store,"iPad, iPhone",Free,2013-10-04,No,Entertainment,No,131235,,0.0,0,,0.0
469339346,Shape Puzzle(Deluxe)-Educational Learning Games for Kids & Toddlers Free,Joy Preschool Game,Apple App Store,"iPad, iPhone",Free,2011-10-13,Yes,"Games, Education, Educational (Games), Word (Games)",No,99326,,0.0,63402,,0.0
389132393,ABC - Magnetic Alphabet Lite for Kids - Learn to write!,Dot Next,Apple App Store,iPad,Free,2010-08-31,Yes,"Games, Education, Educational (Games), Family (Games)",No,96298,,0.0,0,,0.0
681846474,Musical instruments sounds flashcards and matching pairs game for kids and toddlers,Kidstatic Apps ApS,Apple App Store,"iPad, iPhone",Free,2013-09-23,Yes,"Music, Education",No,70454,,0.0,4135,,0.0
795026580,Make Beliefs Comix,"Guarionex Press, Ltd.",Apple App Store,iPad,Free,2014-01-16,No,"Games, Education, Educational (Games), Family (Games)",No,63673,,0.0,0,,0.0
866920724,Inference Ace:  Reading Comprehension Skills & Practice for Struggling Readers,Janine Toole,Apple App Store,"iPad, iPhone",Free,2014-04-30,Yes,"Games, Education, Educational (Games)",Yes,62975,,0.0,15,,0.0
440235386,Pre-K Letters and Numbers,BrightStart LLC,Apple App Store,"iPad, iPhone",Free,2011-06-20,Yes,"Education, Entertainment",No,59053,,0.0,11514,,0.0
907405765,Coloring Book for SpongeBob SquarePants edition,Artittaya Somprasong,Apple App Store,"iPad, iPhone",Free,2014-08-14,No,"Reference, Education",No,56847,,0.0,0,,0.0
588180598,Social Stories Creator and Library for Preschool Autism and Special Needs,Touch Autism,Apple App Store,"iPad, iPhone",Free,2013-06-20,Yes,"Games, Education, Educational (Games), Family (Games)",No,55471,,0.0,17741,,0.0
557548372,Autism iHelp – WH Questions,John Talavera,Apple App Store,"iPad, iPhone",Free,2012-09-18,Yes,Education,No,54886,,0.0,3117,,0.0
525429423,Toddler puzzles Animals kids free,Genius Donkeys,Apple App Store,"iPad, iPhone",Free,2012-05-17,No,"Games, Education, Educational (Games), Puzzle (Games)",No,53652,,0.0,5258,,0.0
332173994,Mental Illness: Facts on Anxiety Depression Bipolar Disorder ADHD PTSD OCD Test Screening Treatment and Self Help Management Free!,Michael Quach,Apple App Store,"iPad, iPhone",Free,2009-09-25,Yes,"Medical, Health & Fitness",No,51215,,0.0,0,,0.0
624591476,Sand Draw Free: beach sketch & doodle with unreal artistic & wicked creativity,Kalrom Systems LTD,Apple App Store,"iPad, iPhone",Free,2013-04-01,No,"Games, Educational (Games), Simulation (Games), Entertainment",Yes,46324,,0.0,0,,0.0
456278671,Grid Player,Sensory Software International,Apple App Store,"iPad, iPhone",Free,2012-01-03,No,"Medical, Education",No,45851,,0.0,0,,0.0
456108738,Super Stretch Yoga HD,"The Adventures of Super Stretch, LLC",Apple App Store,iPad,Free,2011-09-21,No,"Education, Health & Fitness",Yes,44301,,0.0,0,,0.0
869844446,Fruits and vegetables flashcards quiz and matching game for toddlers and kids in English,Kidstatic Apps ApS,Apple App Store,"iPad, iPhone",Free,2014-04-30,Yes,"Games, Education, Educational (Games), Family (Games)",No,41501,,0.0,2997,,0.0
406826506,See.Touch.Learn.,Brain Parade,Apple App Store,iPad,Free,2011-03-10,Yes,"Games, Education, Educational (Games)",Yes,40818,,0.0,602,,0.0
836467747,Kindergarten and Preschool educational games for kids and toddlers,"KidZoneStudios, Inc",Apple App Store,"iPad, iPhone",Free,2014-05-07,Yes,"Education, Books",No,39689,,0.0,1766,,0.0
478221517,Animal Shape Puzzle Free- Educational Preschool Learning Games for Kids & Toddlers,Joy Preschool Game,Apple App Store,"iPad, iPhone",Free,2011-11-10,Yes,"Games, Board (Games), Education, Educational (Games)",No,35695,,0.0,42903,,0.0
521485216,Autism iHelp – Play,John Talavera,Apple App Store,"iPad, iPhone",Free,2012-04-28,No,"Education, Productivity",No,35569,,0.0,0,,0.0
505146575,NICE Guidance,National Institute for Health and Care Excellence,Apple App Store,"iPad, iPhone",Free,2012-03-19,No,"Medical, Reference",No,34736,,0.0,0,,0.0
390532167,SoundingBoard,AbleNet,Apple App Store,"iPad, iPhone",Free,2010-09-16,Yes,"Education, Lifestyle",Yes,34576,,0.0,699,,0.0
916386000,Main Idea - Short Texts: Reading Comprehension Skills & Practice Kids Game,Janine Toole,Apple App Store,"iPad, iPhone",Free,2014-10-28,Yes,"Games, Education, Educational (Games), Family (Games)",No,33353,,0.0,0,,0.0
938738790,Frozen Preschool - Free Educational Games for kids & Toddlers to teach Counting Numbers Colors Alphabet and Shapes!,Kasim Qureshi,Apple App Store,"iPad, iPhone",Free,2014-11-17,Yes,"Games, Education, Educational (Games), Family (Games)",Yes,32248,,0.0,326,,0.0
476345471,Autism and PDD Reasoning and Problem Solving Lite,Linguisystems,Apple App Store,iPad,Free,2011-12-14,No,Education,No,32108,,0.0,0,,0.0
426928702,123 Kids Fun PUZZLE BLUE Free - Top Educational Slide Puzzle Games for Toddlers and Preschoolers,RosMedia,Apple App Store,"iPad, iPhone",Free,2011-03-24,Yes,"Games, Educational (Games), Entertainment, Family (Games)",Yes,32074,,0.0,48498,,0.0
375669988,Model Me Going Places 2,"Model Me Kids, LLC",Apple App Store,"iPad, iPhone",Free,2010-07-09,No,Education,Yes,31242,,0.0,0,,0.0
635272622,Animals Puzzle for Kids,Abuzz D.O.O.,Apple App Store,"iPad, iPhone",Free,2013-05-01,No,"Games, Education, Puzzle (Games)",No,30104,,0.0,0,,0.0
895683482,Main Idea - Sentences: Reading Comprehension Skills & Practice Game for Kids -  Common Core Aligned,Janine Toole,Apple App Store,"iPad, iPhone",Free,2014-08-26,Yes,"Games, Education, Educational (Games)",No,28326,,0.0,0,,0.0
418671377,Verbally,Intuary,Apple App Store,iPad,Free,2011-03-07,Yes,"Medical, Education",Yes,27060,,0.0,768,,0.0
891044525,Perk Wallet,Jutera,Apple App Store,"iPad, iPhone",Free,2014-06-27,No,"Shopping, Lifestyle",No,26695,,0.0,0,,0.0
913838286,Paint for Paw Patrol edition - Real Finger Painting version,Krittaporn Yanapan,Apple App Store,"iPad, iPhone",Free,2014-09-08,No,"Games, Education, Educational (Games), Family (Games)",No,23806,,0.0,0,,0.0
441600681,Autism Apps,Touch Autism,Apple App Store,"iPad, iPhone",Free,2011-08-01,No,"Reference, Education",No,23490,,0.0,0,,0.0
480078569,Food & Life Shape Puzzle(FREE)- Educational Learning Games for Kids & Toddlers,Joy Preschool Game,Apple App Store,"iPad, iPhone",Free,2011-11-17,Yes,"Games, Trivia (Games), Educational (Games), Education",No,23468,,0.0,25901,,0.0
909053755,21 Animal Puzzles for Kids - Educational Games for Preschool,Little Clever,Apple App Store,"iPad, iPhone",Free,2014-09-22,No,"Games, Education, Educational (Games), Puzzle (Games)",No,22842,,0.0,0,,0.0
994495858,Wh Questions: Why? Speech And Education Cards,Onur Tekin,Apple App Store,"iPad, iPhone",Free,2015-06-13,Yes,"Medical, Education",Yes,22209,,0.0,3015,,0.0
869101735,Inference Clues: Reading Comprehension Skills & Practice for Kids Who Need Help to Become Stronger Readers,Janine Toole,Apple App Store,"iPad, iPhone",Free,2014-06-15,Yes,"Games, Education, Educational (Games), Word (Games)",No,22005,,0.0,0,,0.0
488655015,Christmas Shape Puzzle(Deluxe)- Educational Preschool Learning Games for Kids & Toddlers Free,Joy Preschool Game,Apple App Store,"iPad, iPhone",Free,2011-12-16,Yes,"Games, Education, Educational (Games), Puzzle (Games)",Yes,21766,,0.0,24255,,0.0
681816475,First words flashcards for toddlers and babies in English,Kidstatic Apps ApS,Apple App Store,"iPad, iPhone",Free,2013-08-09,Yes,"Education, Books",No,21734,,0.0,14612,,0.0
384170714,SmallTalk Phonemes,Lingraphica,Apple App Store,"iPad, iPhone",Free,2010-07-31,No,"Medical, Education",No,21090,,0.0,0,,0.0
555978305,Pogo Boards - AAC,"Talk To Me Technologies, LLC",Apple App Store,"iPad, iPhone",Free,2012-09-14,No,"Medical, Education",No,21070,,0.0,0,,0.0
550027186,Autism Emotion,"Model Me Kids, LLC",Apple App Store,"iPad, iPhone",Free,2012-08-10,No,Education,No,20457,,0.0,0,,0.0
636843583,Conversation Therapy Lite - Questions for Expressive Language Pragmatics & Cognition,Tactus Therapy Solutions Ltd.,Apple App Store,"iPad, iPhone",Free,2013-05-26,No,"Medical, Education",No,20302,,0.0,0,,0.0
1017023004,Free Preschool Block Games for Boys and Girls,Kasim Qureshi,Apple App Store,"iPad, iPhone",Free,2015-07-15,Yes,"Games, Music (Games), Educational (Games), Education",No,19285,,0.0,2400,,0.0
652296774,Fun Time Timer,CodigoDelSur,Apple App Store,"iPad, iPhone",Free,2013-05-28,No,"Games, Educational (Games), Entertainment",No,18502,,0.0,0,,0.0
896151795,My Little Unicorn - Coloring Book for Princess Pony Game,Payungsak Kongtum,Apple App Store,"iPad, iPhone",Free,2014-07-18,No,"Games, Education, Educational (Games), Family (Games)",No,17889,,0.0,0,,0.0
983961022,Preschool and Kindergarten learning games for kids FREE,Maria Dolores Garcia Ferre,Apple App Store,"iPad, iPhone",Free,2015-05-05,No,"Education, Entertainment",No,17417,,0.0,0,,0.0
495891991,Amazing Shape Puzzle HD(FREE)-Kids Favorite Word Learning Game,Joy Preschool Game,Apple App Store,"iPad, iPhone",Free,2012-01-26,Yes,"Games, Trivia (Games), Board (Games), Books",No,17142,,0.0,6943,,0.0
669414531,Autism iHelp – Comprehension,John Talavera,Apple App Store,"iPad, iPhone",Free,2013-07-14,Yes,Education,No,16989,,0.0,424,,0.0
598935321,Autism iHelp – Language Concepts,John Talavera,Apple App Store,"iPad, iPhone",Free,2013-02-14,Yes,Education,No,16564,,0.0,116,,0.0
588350613,Autism Parenting Magazine - Solutions therapies and news for parents and professionals,Mark Blakey,Apple App Store,"iPad, iPhone",Free,2013-01-23,Yes,"Education, Magazines & Newspapers",No,16428,,0.0,67258,,0.0
933236101,MyBackpack - Waterford Learning,Waterford Institute,Apple App Store,iPad,Free,2014-10-31,No,"Games, Education, Educational (Games), Family (Games)",No,15394,,0.0,0,,0.0
630520325,Autism iHelp – Same and Different,John Talavera,Apple App Store,"iPad, iPhone",Free,2013-04-10,Yes,Education,No,15336,,0.0,19,,0.0
537549983,iSEQUENCES LITE,Fundación Planeta Imaginario,Apple App Store,iPad,Free,2012-07-09,No,"Games, Education, Educational (Games)",No,14954,,0.0,0,,0.0
384172302,SmallTalk Common Phrases,Lingraphica,Apple App Store,"iPad, iPhone",Free,2010-07-31,No,"Medical, Education",No,14284,,0.0,0,,0.0
609622929,Autism iHelp – Sorting,John Talavera,Apple App Store,"iPad, iPhone",Free,2013-03-07,Yes,Education,No,13883,,0.0,317,,0.0
502303026,Touch Follow FREE,Hatch Works Ltd,Apple App Store,"iPad, iPhone",Free,2012-02-20,No,"Education, Entertainment",No,13833,,0.0,0,,0.0
692773734,Tobii Dynavox Compass Connect,Tobii Dynavox LLC,Apple App Store,iPad,Free,2013-09-17,No,"Medical, Education",No,13508,,0.0,0,,0.0
336547254,Children's Health: Pediatric Quick Oncall Reference Baby Health Central and Parenting Help & Advice,Michael Quach,Apple App Store,"iPad, iPhone",Free,2009-11-02,Yes,"Medical, Health & Fitness",No,13268,,0.0,0,,0.0
623204808,Autism iHelp – Opposites,John Talavera,Apple App Store,"iPad, iPhone",Free,2013-03-28,Yes,Education,No,13065,,0.0,17,,0.0
553450186,Daily Tasks,True Information Technology Company Limited,Apple App Store,iPad,Free,2012-09-11,No,Education,No,12696,,0.0,0,,0.0
684261444,The Aspergers Test - Determine your Autism Spectrum Quotient using the AQ Diagnostic Assessment,Mark Blakey,Apple App Store,"iPad, iPhone",Free,2013-08-11,No,"Medical, Health & Fitness",No,12467,,0.0,0,,0.0
384168006,SmallTalk Letters Numbers Colors,Lingraphica,Apple App Store,"iPad, iPhone",Free,2010-07-31,No,"Medical, Education",No,12311,,0.0,0,,0.0
384174024,SmallTalk Consonant Blends,Lingraphica,Apple App Store,"iPad, iPhone",Free,2010-07-31,No,"Medical, Education",No,11840,,0.0,0,,0.0
708457171,Bloups!,Lussier Annie,Apple App Store,"iPad, iPhone",Free,2013-10-02,Yes,"Games, Education, Educational (Games), Word (Games)",No,11572,,0.0,12716,,0.0
655580994,Bathroom Puzzle for preschool kids - educational game,Abuzz D.O.O.,Apple App Store,"iPad, iPhone",Free,2013-06-07,No,"Games, Educational (Games), Productivity, Puzzle (Games)",No,11421,,0.0,0,,0.0
509433467,My Autism Day,Little App Helpers,Apple App Store,iPad,Free,2012-03-15,No,"Education, Health & Fitness",No,11329,,0.0,0,,0.0
585678823,Autism Learning Games: Camp Discovery,Center for Autism and Related Disorders,Apple App Store,"iPad, iPhone",Free,2012-12-19,No,"Games, Education, Educational (Games), Family (Games)",No,11323,,0.0,0,,0.0
605799337,Happy Geese,Appically,Apple App Store,iPad,Free,2013-04-01,Yes,"Games, Education, Dice (Games)",No,11313,,0.0,2180,,0.0
556798417,Niki Talk,Alessandro La Rocca,Apple App Store,"iPad, iPhone",Free,2012-09-06,No,"Medical, Education",No,11161,,0.0,0,,0.0
905533895,Educa - Educational montessori games for kids and toddlers,Alejandro Ortega Aguilar,Apple App Store,"iPad, iPhone",Free,2014-11-08,Yes,"Games, Education, Educational (Games), Puzzle (Games)",No,10817,,0.0,904,,0.0
495848904,iTouchiLearn Feelings for Preschool Kids Free,Staytoooned,Apple App Store,"iPad, iPhone",Free,2012-01-25,Yes,"Games, Education, Educational (Games)",No,10696,,0.0,0,,0.0
433427553,123 Kids Fun PUZZLE RED Free - Top Educational Slide Puzzle Games for Toddlers and Preschoolers,RosMedia,Apple App Store,"iPad, iPhone",Free,2011-04-28,Yes,"Games, Educational (Games), Entertainment, Family (Games)",No,10513,,0.0,20280,,0.0
998325189,Kindergarten and Pre-K Early Learning Games FREE,Maria Dolores Garcia Ferre,Apple App Store,"iPad, iPhone",Free,2015-06-05,No,"Education, Entertainment",No,9682,,0.0,0,,0.0
919990138,LetMeTalk,AppNotize UG (haftungsbeschraenkt),Apple App Store,"iPad, iPhone",Free,2014-10-19,No,"Medical, Education",No,9643,,0.0,0,,0.0
428118092,SoundSlateLT,SpinThought Inc.,Apple App Store,iPad,Free,2011-04-10,No,"Productivity, Entertainment",No,9460,,0.0,0,,0.0
571354702,BuzzBack Cause & Effect With Vibrations & Sound,Touch Autism,Apple App Store,"iPad, iPhone",Free,2012-10-27,No,"Games, Educational (Games)",No,9450,,0.0,0,,0.0
592995014,Autism iHelp – Colors,John Talavera,Apple App Store,"iPad, iPhone",Free,2013-01-22,Yes,Education,No,9319,,0.0,58,,0.0
384171233,SmallTalk Days Months Dates,Lingraphica,Apple App Store,"iPad, iPhone",Free,2010-07-31,No,"Medical, Education",No,9225,,0.0,0,,0.0
733542401,PictoPlan,Carsten Rasmussen,Apple App Store,"iPad, iPhone",Free,2013-11-05,Yes,"Medical, Lifestyle",No,9186,,0.0,8512,,0.0
430807527,123 Kids Fun PUZZLE GREEN Free - Top Educational Slide Puzzle Games for Toddlers and Preschoolers,RosMedia,Apple App Store,"iPad, iPhone",Free,2011-04-15,Yes,"Games, Educational (Games), Entertainment, Family (Games)",Yes,9136,,0.0,11547,,0.0
1020406193,Pig Holiday Preschool Games - Free,Kasim Qureshi,Apple App Store,"iPad, iPhone",Free,2015-07-24,Yes,"Games, Music (Games), Education, Educational (Games)",No,8791,,0.0,2907,,0.0
967074124,Math Word Problems -  Step by Step,Janine Toole,Apple App Store,"iPad, iPhone",Free,2015-03-04,Yes,"Games, Education, Educational (Games)",No,8556,,0.0,0,,0.0
634875415,Perk Search,Jutera,Apple App Store,"iPad, iPhone",Free,2013-04-19,No,"Reference, Utilities",No,8394,,0.0,0,,0.0
491119568,Clinical Scales,"UBM Medica, LLC",Apple App Store,"iPad, iPhone",Free,2012-01-11,No,Medical,No,8265,,0.0,0,,0.0
957106746,Peppy Pals Beach - Friendship Adventure,Peppy Pals AB,Apple App Store,"iPad, iPhone",Free,2015-02-09,No,"Education, Entertainment",No,8106,,0.0,4305,,0.0
647207362,I learn cursive writing (lite) - Audio visual & verbal method,Jean-Laurent de Morlhon,Apple App Store,"iPad, iPhone",Free,2013-05-17,No,Education,No,8080,,0.0,0,,0.0
495565736,Autimo - Educational game on the emotions,AUTICIEL,Apple App Store,"iPad, iPhone",Free,2012-04-02,Yes,"Education, Entertainment",No,7979,,0.0,881,,0.0
491925436,FindMe(Autism),Tigerface Games,Apple App Store,"iPad, iPhone",Free,2012-01-05,Yes,"Games, Education, Educational (Games), Family (Games)",No,7747,,0.0,0,,0.0
444087388,Touch & Say,Interbots,Apple App Store,iPad,Free,2011-06-30,No,"Education, Entertainment",No,7438,,0.0,0,,0.0
583174107,Puzzle Spelling Words for Toddlers Autism & Special Needs,Touch Autism,Apple App Store,iPad,Free,2012-12-19,Yes,"Games, Education, Educational (Games)",No,7340,,0.0,0,,0.0
492631520,Autism Asperger's Digest,Future Horizons,Apple App Store,"iPad, iPhone",Free,2012-01-10,Yes,"Education, Magazines & Newspapers",No,7128,,0.0,38561,,0.0
742278191,Talk Around It Home FREE   (Speech & Language Therapy App),Neuro Hero Limited,Apple App Store,"iPad, iPhone",Free,2013-11-20,No,"Medical, Health & Fitness",No,7093,,0.0,0,,0.0
927850079,Autism iHelp – Yes & No Questions,John Talavera,Apple App Store,iPad,Free,2014-11-13,Yes,Education,No,6880,,0.0,0,,0.0
733948395,Autism Awareness - Detect early signs of autism find nearby autism treatment centers and support groups. Explore Autism related books journals apps on Web Youtube and other social media. Share with Facebook Twitter Pinterest and Instagram.,Blue Eyes Innovation LLC,Apple App Store,"iPad, iPhone",Free,2013-12-06,No,"Medical, Education",No,6870,,0.0,0,,0.0
863344516,Fast ForWord Reading,Scientific Learning Corporation,Apple App Store,iPad,Free,2014-05-01,No,Education,No,6792,,0.0,0,,0.0
956768332,MemoAssist FREE,Hart Designs,Apple App Store,"iPad, iPhone",Free,2015-01-13,Yes,"Productivity, Utilities",No,6659,,0.0,3954,,0.0
944180792,Plazma,Sensory Apps Ltd,Apple App Store,"iPad, iPhone",Free,2015-02-25,No,"Medical, Education",No,6398,,0.0,0,,0.0
731742821,FluencyCoach,"Janus Development Group, Inc.",Apple App Store,"iPad, iPhone",Free,2013-11-01,No,"Medical, Health & Fitness",No,6341,,0.0,0,,0.0
896358871,StepByStep Sequencing Steps And Assessment For Adults and Kids With Special Needs Free Version by SOAR Therapy,"Soar Therapy, LLC",Apple App Store,iPad,Free,2014-09-16,Yes,"Education, Health & Fitness",No,6184,,0.0,0,,0.0
839564003,Autism & PDD Picture Stories & Language Activities Social Skills with Friends LITE,Linguisystems,Apple App Store,iPad,Free,2014-03-18,No,Education,No,6092,,0.0,0,,0.0
478527813,Autism Tracker Lite: Track analyze and share ASD daily,"Track & Share Apps, LLC",Apple App Store,"iPad, iPhone",Free,2011-11-17,No,"Medical, Education",No,5714,,0.0,0,,0.0
682260594,iOT Session,Covington Enterprises Unlimited,Apple App Store,iPad,Free,2013-08-05,No,"Medical, Education",No,5621,,0.0,0,,0.0
663531366,Perk Web Browser - Get rewards when you surf shop and discover the web,Jutera,Apple App Store,"iPad, iPhone",Free,2013-07-06,No,"Productivity, Utilities",No,5510,,0.0,0,,0.0
959311859,Valentine’s Princess Preschool Daycare - Free Educational Games for kids & Toddlers to teach Counting Numbers Colors Alphabet and Shapes!,Kasim Qureshi,Apple App Store,"iPad, iPhone",Free,2015-01-30,Yes,"Games, Education, Educational (Games), Family (Games)",No,5409,,0.0,0,,0.0
890057527,Autism Learning Games: Camp Discovery Pro,Center for Autism and Related Disorders,Apple App Store,"iPad, iPhone",Free,2014-07-02,No,"Games, Education, Educational (Games), Family (Games)",No,5341,,0.0,2731,,0.0
938247956,This for That: Visual Schedules,Center for Autism and Related Disorders,Apple App Store,"iPad, iPhone",Free,2014-11-13,No,"Education, Productivity",No,5320,,0.0,0,,0.0
1000660311,Speech Therapy Apraxia Articulation Word FlashCards,Rahul Ner,Apple App Store,"iPad, iPhone",Free,2015-08-13,Yes,"Medical, Education",No,5085,,0.0,990,,0.0
330237672,SymTrend,"SymTrend, Inc.",Apple App Store,"iPad, iPhone",Free,2009-09-17,No,"Medical, Health & Fitness",No,4997,,0.0,0,,0.0
692759940,Vaccines on the Go: What You Should Know,The Children's Hospital of Philadelphia,Apple App Store,"iPad, iPhone",Free,2013-08-30,No,"Medical, Health & Fitness",No,4862,,0.0,0,,0.0
833885177,Sensory Processing Therapy - tool to help parents manage sensory diet & home programs,SensoryTreat Ltd,Apple App Store,"iPad, iPhone",Free,2014-03-16,Yes,"Medical, Health & Fitness",No,4847,,0.0,896,,0.0
684219290,Memory Match - Food,Abuzz D.O.O.,Apple App Store,"iPad, iPhone",Free,2013-09-06,No,"Games, Education, Educational (Games)",No,4763,,0.0,0,,0.0
682571868,ChooseIt! Maker 3,Inclusive Technology Ltd,Apple App Store,iPad,Free,2013-09-17,No,"Games, Education, Educational (Games)",No,4749,,0.0,0,,0.0
1019190323,DayCape - Daily visual planning,Daimonic Creations AB,Apple App Store,"iPad, iPhone",Free,2015-07-27,No,"Education, Productivity",No,4703,,0.0,0,,0.0
804717144,Shapes for Kids (Geometry Flashcards for Kindergarten Teachers and Students) Increase IQ Develop Cognitive Skills in Autism for autistic children,Naveed Abbas,Apple App Store,"iPad, iPhone",Free,2014-04-25,Yes,"Education, Books",No,4641,,0.0,33,,0.0
745163969,Shapes mosaic puzzle basic 4 kids HD - first educational craft game for preschool children,Abuzz D.O.O.,Apple App Store,iPad,Free,2014-03-03,Yes,"Games, Education, Puzzle (Games), Family (Games)",No,4568,,0.0,0,,0.0
896838914,Fast ForWord Literacy,Scientific Learning Corporation,Apple App Store,iPad,Free,2014-07-21,No,Education,No,4510,,0.0,0,,0.0
373334470,Picaa,Alvaro Fernandez,Apple App Store,"iPad, iPhone",Free,2010-05-22,No,"Games, Education, Educational (Games)",No,4496,,0.0,0,,0.0
991574826,Frozen Preschooler Daycare -  Help mommy and dad with teaching the newborn kids ( 2 yrs + ),Kasim Qureshi,Apple App Store,"iPad, iPhone",Free,2015-05-18,Yes,"Games, Music (Games), Educational (Games), Education",No,4488,,0.0,0,,0.0
626159460,Time In: Smart timer to visualize the passage of time,AUTICIEL,Apple App Store,"iPad, iPhone",Free,2013-04-16,Yes,"Education, Utilities",No,4449,,0.0,1116,,0.0
879920250,I learn writing number lite- Audio visual & verbal method,Jean-Laurent de Morlhon,Apple App Store,"iPad, iPhone",Free,2014-05-22,No,Education,No,4389,,0.0,0,,0.0
593771706,AAC Text to Speech,Theory of Mind,Apple App Store,"iPad, iPhone",Free,2013-01-22,No,"Medical, Education",No,4206,,0.0,0,,0.0
592656778,Scan How,"Fonden Unges Uddannelsescenter, Stu - Saerligt Tilrettelagt Ungdomsuddannelse",Apple App Store,"iPad, iPhone",Free,2013-04-18,No,"Education, Productivity",No,4106,,0.0,2320,,0.0
343549779,AutismXpress,StudioEmotion Pty Ltd,Apple App Store,"iPad, iPhone",Free,2010-02-05,No,"Education, Entertainment",Yes,4105,,0.0,0,,0.0
634880005,Autism Language Learning Series II Lite,TalkTime Pediatric Speech Academy,Apple App Store,"iPad, iPhone",Free,2013-04-19,No,"Medical, Education",No,4079,,0.0,0,,0.0
528577544,Autism & PDD Yes/No Questions Lite,Linguisystems,Apple App Store,iPad,Free,2012-05-25,No,Education,No,4048,,0.0,0,,0.0
956818418,Comprehension Builder Free,Abitalk Incorporated,Apple App Store,"iPad, iPhone",Free,2015-01-19,Yes,"Games, Education, Educational (Games), Family (Games)",No,4010,,0.0,22,,0.0
734412190,Touch-Emotions – Facial Expressions and Emotions for Young Children and Special Needs,Special iApps,Apple App Store,"iPad, iPhone",Free,2013-11-25,No,Education,No,3962,,0.0,0,,0.0
684856909,Articulation Flip Books Free,Tobii Dynavox LLC,Apple App Store,"iPad, iPhone",Free,2013-08-13,No,Education,No,3902,,0.0,0,,0.0
702790535,Alex learns how to dress,Didactic Apps,Apple App Store,"iPad, iPhone",Free,2013-12-17,Yes,"Education, Health & Fitness",No,3848,,0.0,3218,,0.0
669011106,Autism iHelp – Phonological Awareness,John Talavera,Apple App Store,"iPad, iPhone",Free,2013-08-05,Yes,Education,No,3801,,0.0,0,,0.0
591548949,Expressions for Autism,Club LIA,Apple App Store,iPad,Free,2013-01-09,Yes,"Games, Education, Educational (Games), Puzzle (Games)",No,3797,,0.0,0,,0.0
916719267,TalkBoard Free,Mark Ashley,Apple App Store,"iPad, iPhone",Free,2014-09-18,No,"Medical, Education",No,3773,,0.0,0,,0.0
451994905,çATED,SII Nantes,Apple App Store,"iPad, iPhone",Free,2011-08-03,No,"Medical, Productivity",No,3678,,0.0,0,,0.0
688217479,Autism iHelp – Comparatives & Superlatives,John Talavera,Apple App Store,"iPad, iPhone",Free,2013-09-18,Yes,Education,No,3486,,0.0,74,,0.0
965653285,Language Builder® Free,Stages Publishing,Apple App Store,iPad,Free,2015-08-18,Yes,"Medical, Education",No,3463,,0.0,0,,0.0
635275948,Food 3D Puzzle for Kids - best wooden blocks fun educational game for little children,Abuzz D.O.O.,Apple App Store,"iPad, iPhone",Free,2013-06-05,No,"Games, Education, Puzzle (Games), Family (Games)",No,3456,,0.0,0,,0.0
1021339430,Sesame Street and Autism,Sesame Street,Apple App Store,"iPad, iPhone",Free,2015-10-21,No,"Reference, Education",No,3433,,0.0,0,,0.0
932337109,Touch and Speak: Autism Communication Tool and Methods of Speech Development for Kids with Special Needs,Indigo Kids,Apple App Store,iPad,Free,2015-01-08,Yes,"Games, Education, Educational (Games), Family (Games)",No,3429,,0.0,0,,0.0
618061656,Autism iHelp – Shapes,John Talavera,Apple App Store,"iPad, iPhone",Free,2013-03-27,Yes,Education,No,3419,,0.0,0,,0.0
919840697,Learn Number Tracing & Writing for Kindergarten First and Second Grade Kids FREE,Agnitus,Apple App Store,"iPad, iPhone",Free,2014-10-04,Yes,"Games, Education",No,3387,,0.0,0,,0.0
540300765,Jigsaw Puzzles for kids and toddlers,Genius Donkeys,Apple App Store,iPad,Free,2012-08-28,No,"Games, Educational (Games), Entertainment",No,3325,,0.0,0,,0.0
459123512,SpeakColors,"RWH Technology, LLC",Apple App Store,iPad,Free,2011-08-27,Yes,"Medical, Education",No,3259,,0.0,0,,0.0
541599830,NovoPsych Psychometrics Lite,NovoPsych Pty Ltd,Apple App Store,iPad,Free,2012-07-14,No,"Medical, Health & Fitness",No,3193,,0.0,0,,0.0
738387685,e-Mintza,FUNDACION ORANGE,Apple App Store,iPad,Free,2013-12-13,No,Education,No,3102,,0.0,0,,0.0
923259717,Monster Preschool Tracing ABC Lines Doodling & Hand Writing Puzzle for 3 year old 4 year old & 5 year old kids in Preschool Montessori & Kindergarten : Halloween Theme FREE,Agnitus,Apple App Store,"iPad, iPhone",Free,2014-10-14,Yes,"Games, Education, Educational (Games), Family (Games)",No,3096,,0.0,0,,0.0
843778920,Autism & PDD Picture Stories & Language Activities Social Skills at Home LITE,Linguisystems,Apple App Store,iPad,Free,2014-03-29,No,Education,No,3059,,0.0,0,,0.0
582924049,扶康x小克日曆 Fu Hong x Siu Hak Calendar,Hong Kong Apps Service Limited.,Apple App Store,"iPad, iPhone",Free,2012-12-17,No,"Utilities, Lifestyle",No,3050,,0.0,0,,0.0
547569497,Mobilize Me,Arosii A/S,Apple App Store,iPad,Free,2012-08-28,No,"Education, Utilities",No,2987,,0.0,0,,0.0
689623407,Say Some More AAC,Dale Hubert,Apple App Store,iPad,Free,2013-09-11,Yes,"Medical, Education",No,2977,,0.0,0,,0.0
456113661,Super Stretch Yoga,"The Adventures of Super Stretch, LLC",Apple App Store,"iPad, iPhone",Free,2011-09-21,No,"Education, Health & Fitness",Yes,2940,,0.0,0,,0.0
840919503,Peppy Pals Farm - Friendship Adventure,Peppy Pals AB,Apple App Store,"iPad, iPhone",Free,2014-04-07,No,"Education, Entertainment",Yes,2908,,0.0,6439,,0.0
965134659,Multisyllabic with words phrases and sentences for speech therapy and special need education free,Abitalk Incorporated,Apple App Store,"iPad, iPhone",Free,2015-03-16,Yes,"Games, Education, Educational (Games), Family (Games)",No,2889,,0.0,0,,0.0
967040708,This for That: Token Store,Center for Autism and Related Disorders,Apple App Store,"iPad, iPhone",Free,2015-03-04,No,"Education, Productivity",No,2849,,0.0,0,,0.0
442827581,SingFit,Musical Health Technologies,Apple App Store,"iPad, iPhone",Free,2011-12-02,Yes,Health & Fitness,No,2829,,0.0,3463,,0.0
696443133,Perk Shopping - Get rewards when you shop at your favorite stores,Jutera,Apple App Store,iPad,Free,2013-09-10,No,Catalogs,No,2823,,0.0,0,,0.0
555405273,Basics by LearnEnjoy (teaching practices for everyone - level 1),LearnEnjoy,Apple App Store,iPad,Free,2012-10-03,Yes,"Games, Education, Educational (Games)",No,2786,,0.0,0,,0.0
965286915,Sequences for Autism,Club LIA,Apple App Store,iPad,Free,2015-03-18,Yes,"Games, Education, Educational (Games), Puzzle (Games)",No,2769,,0.0,0,,0.0
351726761,iComm,www.accoladeconsulting.co.uk,Apple App Store,"iPad, iPhone",Free,2010-02-23,Yes,"Education, Utilities",No,2722,,0.0,9092,,0.0
504302571,Autism and PDD Basic Questions Lite,Linguisystems,Apple App Store,iPad,Free,2012-03-06,No,Education,No,2717,,0.0,0,,0.0
974649228,AutThere,Indicia Group,Apple App Store,"iPad, iPhone",Free,2015-03-12,No,Social Networking,No,2700,,0.0,0,,0.0
573534673,Talkingtiles,Mozzaz Corporation,Apple App Store,"iPad, iPhone",Free,2012-11-19,No,"Medical, Education",No,2674,,0.0,0,,0.0
917542124,Skill Champ,Infiniteach Inc,Apple App Store,iPad,Free,2014-10-07,No,Education,No,2668,,0.0,214,,0.0
932889955,Parkinson’s Speech Aid,"Janus Development Group, Inc.",Apple App Store,"iPad, iPhone",Free,2014-11-18,No,Health & Fitness,No,2617,,0.0,0,,0.0
946009606,Talk Around It USA Free,Neuro Hero Limited,Apple App Store,"iPad, iPhone",Free,2014-12-06,No,Medical,No,2597,,0.0,0,,0.0
918454744,Preschool ABC Spelling Monsters: Phonic Sounds ABC Playtime Syllable Name & Sound Combination Game for 3 year old 4 year old & 5 year old kids FREE,Agnitus,Apple App Store,"iPad, iPhone",Free,2014-09-25,No,"Games, Education",No,2571,,0.0,0,,0.0
805544185,Tom Taps Speak - AAC for Kids,"Seer Technologies, Inc.",Apple App Store,iPad,Free,2014-02-03,Yes,"Education, Utilities",No,2555,,0.0,0,,0.0
891698413,ShowMyDay,inhust ApS,Apple App Store,"iPad, iPhone",Free,2014-07-01,No,"Education, Productivity",No,2524,,0.0,0,,0.0
548267626,123 Kids Fun PUZZLE GOLD Free - Slide Puzzle Game,RosMedia,Apple App Store,"iPad, iPhone",Free,2012-08-07,Yes,"Games, Educational (Games), Entertainment, Family (Games)",Yes,2512,,0.0,1260,,0.0
965772453,Valentine's Princess Candy Kitchen -  Educational Games for kids & Toddlers to teach Counting Numbers Colors Alphabet and Shapes!,Kasim Qureshi,Apple App Store,"iPad, iPhone",Free,2015-02-11,Yes,"Games, Education, Educational (Games), Family (Games)",No,2494,,0.0,0,,0.0
650897278,Perk Web Browser - Get rewards when you surf shop and explore the web,Jutera,Apple App Store,iPad,Free,2013-05-26,No,"Productivity, Utilities",No,2493,,0.0,0,,0.0
916165323,Autism iHelp – Emotions,John Talavera,Apple App Store,iPad,Free,2014-10-12,Yes,Education,No,2486,,0.0,0,,0.0
910014019,I learn writing capital letters lite - Audio visual & verbal method,Jean-Laurent de Morlhon,Apple App Store,"iPad, iPhone",Free,2014-08-27,No,Education,No,2477,,0.0,0,,0.0
1001078875,Kindergarten Games Learn Numbers 123 FREE,Maria Dolores Garcia Ferre,Apple App Store,"iPad, iPhone",Free,2015-06-16,No,"Education, Entertainment",No,2466,,0.0,0,,0.0
881822519,SociaalOpStap voor iPad,CED-Groep,Apple App Store,iPad,Free,2014-06-11,No,"Education, Lifestyle",No,2412,,0.0,0,,0.0
775716753,Christmas Puzzle 4 Preschool Kids & Children HD - first fun xmas educational learning game 4 toddlers,Abuzz D.O.O.,Apple App Store,"iPad, iPhone",Free,2013-12-17,Yes,"Games, Educational (Games), Education, Puzzle (Games)",No,2403,,0.0,269,,0.0
824151700,Cars Painting Book 4 School Kids HD - 31 transportation drawing pages with 4 creative coloring effects,Abuzz D.O.O.,Apple App Store,iPad,Free,2014-03-27,No,"Games, Education, Educational (Games), Family (Games)",No,2389,,0.0,0,,0.0
514220257,Meet Heckerty — a free funny interactive family storybook series for learning to read English (#1 in the Heckerty Story Series),Broomstick Productions inc,Apple App Store,"iPad, iPhone",Free,2012-04-10,No,"Education, Books",No,2381,,0.0,0,,0.0
1015864791,Preschool Dinosaur World Park Games - Free!,Kasim Qureshi,Apple App Store,"iPad, iPhone",Free,2015-07-15,Yes,"Games, Music (Games), Educational (Games), Education",No,2380,,0.0,411,,0.0
905753108,Turtle Invaders,Zyrobotics LLC,Apple App Store,"iPad, iPhone",Free,2014-09-07,No,"Games, Educational (Games), Education, Family (Games)",No,2363,,0.0,0,,0.0
598687543,CanPlan,University of Victoria,Apple App Store,"iPad, iPhone",Free,2013-04-04,Yes,"Education, Productivity",No,2355,,0.0,183,,0.0
964371013,Comprehension Builder 2 Free,Abitalk Incorporated,Apple App Store,"iPad, iPhone",Free,2015-02-21,Yes,"Games, Education, Educational (Games), Family (Games)",No,2291,,0.0,0,,0.0
615558449,Toddler Puzzles 2 - Boys and Girls,Genius Donkeys,Apple App Store,"iPad, iPhone",Free,2013-03-28,Yes,"Games, Education, Educational (Games)",No,2271,,0.0,0,,0.0
839576440,Autism & PDD Picture Stories & Language Activities Social Skills in the Community LITE,Linguisystems,Apple App Store,iPad,Free,2014-03-18,No,Education,No,2268,,0.0,0,,0.0
905452558,Spy Sam Reading Book 3 - Into the Den,Matthew Cordingly,Apple App Store,"iPad, iPhone",Free,2014-08-15,No,"Education, Books",No,2267,,0.0,418,,0.0
850346923,Autism & PDD Picture Stories & Language Activities Social Skills at School LITE,Linguisystems,Apple App Store,iPad,Free,2014-04-05,No,Education,No,2261,,0.0,0,,0.0
596673322,Words in Pictures,Finger Talks,Apple App Store,"iPad, iPhone",Free,2013-03-05,Yes,"Medical, Education",No,2235,,0.0,15290,,0.0
888998937,Kids Connect the Dots Free - Educational puzzle game; play with animals; develop pronunciation and vocabulary,Abuzz D.O.O.,Apple App Store,"iPad, iPhone",Free,2014-06-24,No,"Games, Education, Puzzle (Games), Family (Games)",No,2233,,0.0,0,,0.0
571888963,AbaPlanet,Fundación Planeta Imaginario,Apple App Store,iPad,Free,2013-07-29,Yes,Education,No,2210,,0.0,0,,0.0
972757574,Hoi Kentalis,Harry Wildeboer,Apple App Store,"iPad, iPhone",Free,2015-03-07,No,"Education, Entertainment",No,2208,,0.0,0,,0.0
891304044,Animals puzzle game for preschool kids - learn words and sounds,Abuzz D.O.O.,Apple App Store,"iPad, iPhone",Free,2014-07-03,No,"Games, Educational (Games), Puzzle (Games), Entertainment",No,2169,,0.0,0,,0.0
648397801,Birdhouse for Autism,Birdhouse LLC,Apple App Store,"iPad, iPhone",Free,2013-05-17,No,"Health & Fitness, Productivity",No,2100,,0.0,0,,0.0
931411575,iDo Hygiene,C.E.T - THE CENTER FOR EDUCATIONAL TECHNOLOGY,Apple App Store,iPad,Free,2015-01-22,Yes,Education,No,2030,,0.0,0,,0.0
891557591,Children with Autism & Disability – a parent guide,Raising Children Network,Apple App Store,"iPad, iPhone",Free,2014-06-26,No,Education,No,1991,,0.0,0,,0.0
716505984,Early Education - School Kit,WebTeam Corporation,Apple App Store,"iPad, iPhone",Free,2013-10-05,No,"Education, Health & Fitness",No,1977,,0.0,0,,0.0
971311339,Social Skills for Autism,Doodle Creative,Apple App Store,"iPad, iPhone",Free,2015-04-20,No,"Education, Entertainment",No,1964,,0.0,552,,0.0
561131164,Journal of Developmental and Behavioral Pediatrics,Wolters Kluwer Health Lippincott Williams & Wilkins,Apple App Store,iPad,Free,2012-10-11,No,"Medical, Health & Fitness",No,1936,,0.0,0,,0.0
451756867,çATED HD,SII Nantes,Apple App Store,iPad,Free,2011-08-04,No,"Medical, Productivity",No,1933,,0.0,0,,0.0
941621123,Vox4all 2.0 Free,Imagina,Apple App Store,"iPad, iPhone",Free,2015-01-05,No,"Education, Health & Fitness",No,1932,,0.0,0,,0.0
1025327516,Autism & Beyond,Duke Health,Apple App Store,"iPad, iPhone",Free,2015-10-15,No,"Medical, Health & Fitness",No,1914,,0.0,0,,0.0
555422377,PreSchool by LearnEnjoy (teaching practices for everyone - level 3),LearnEnjoy,Apple App Store,iPad,Free,2012-10-09,Yes,"Games, Education, Educational (Games)",No,1897,,0.0,0,,0.0
457868952,Talk To Me 100 Free,"Sydspeak, Inc.",Apple App Store,iPad,Free,2011-09-02,No,"Education, Health & Fitness",No,1862,,0.0,0,,0.0
949320699,InnerVoice Free: augmentative alternative communication,"MotionPortrait, Inc.",Apple App Store,"iPad, iPhone",Free,2014-12-29,No,"Medical, Education",No,1824,,0.0,0,,0.0
974830517,CEC 2015,"a2z, Inc.",Apple App Store,"iPad, iPhone",Free,2015-03-13,No,"Education, Business",No,1817,,0.0,0,,0.0
609460851,i-Lexis HD Pro (Multi Language),Alessandro Benedettini,Apple App Store,iPad,Free,2013-03-07,Yes,"Games, Education, Educational (Games), Family (Games)",No,1793,,0.0,0,,0.0
643597891,Niki Talk + Tweet,Alessandro La Rocca,Apple App Store,iPad,Free,2013-05-16,Yes,"Medical, Education",No,1751,,0.0,1295,,0.0
507373088,Gabby Tabs Lite - AAC for Kids,Tech Unlimited,Apple App Store,"iPad, iPhone",Free,2012-03-27,No,"Medical, Education",No,1743,,0.0,0,,0.0
684205760,Ola Mundo Messenger - Safe chat for non-verbal kids,Ola Mundo,Apple App Store,"iPad, iPhone",Free,2013-11-09,Yes,"Education, Social Networking",No,1743,,0.0,0,,0.0
580776079,語你同行,協康會,Apple App Store,iPad,Free,2012-12-10,No,Education,No,1678,,0.0,0,,0.0
833417407,Verbs for Kids - Part 1-Free Animated English Language Learning Lessons for Children to Learn the Most Important Verbs & Play,Reputas LLC,Apple App Store,"iPad, iPhone",Free,2014-10-07,Yes,"Education, Entertainment",No,1666,,0.0,14,,0.0
555418926,Progress by LearnEnjoy (teaching practices for everyone - level 2),LearnEnjoy,Apple App Store,iPad,Free,2012-10-09,No,"Games, Education, Educational (Games)",No,1662,,0.0,0,,0.0
516937869,Autism and PDD Concepts Lite,Linguisystems,Apple App Store,iPad,Free,2012-04-12,No,Education,No,1654,,0.0,0,,0.0
916156843,Preschool Tracing ABC Airplane Lines Doodling & Hand Writing Puzzle for 3 year old 4 year old & 5 year old kids in Preschool Montessori & Kindergarten FREE,Agnitus,Apple App Store,"iPad, iPhone",Free,2014-09-25,Yes,"Games, Education, Educational (Games), Family (Games)",No,1556,,0.0,0,,0.0
976322567,Attainment's ERSB Free,Attainment Company,Apple App Store,iPad,Free,2015-03-25,Yes,Education,No,1547,,0.0,0,,0.0
467303313,Autism 5-Point Scale EP,Minnesota Governor's Council on Developmental Disabilities,Apple App Store,"iPad, iPhone",Free,2011-10-05,No,"Education, Health & Fitness",No,1531,,0.0,0,,0.0
844263130,Autism & PDD Picture Stories & Language Activities Social Skills with Family LITE,Linguisystems,Apple App Store,iPad,Free,2014-03-29,No,Education,No,1527,,0.0,0,,0.0
660212452,Social Handy : Quizz personnalisables pour devenir autonome,AUTICIEL,Apple App Store,iPad,Free,2013-07-24,No,"Games, Trivia (Games), Education, Educational (Games)",No,1518,,0.0,0,,0.0
458737797,QuestionIt,"Language Learning Apps, LLC",Apple App Store,iPad,Free,2011-09-15,Yes,"Medical, Education",No,1508,,0.0,7237,,0.0
978998171,Princess Popstar: Nursery Rhymes Songs & Music - for Kids and Children!,Kasim Qureshi,Apple App Store,"iPad, iPhone",Free,2015-04-07,Yes,"Games, Educational (Games), Education, Family (Games)",No,1413,,0.0,0,,0.0
513342158,SIGN Autism Patient Guide,SIGN Executive,Apple App Store,"iPad, iPhone",Free,2012-03-30,No,"Medical, Reference",No,1376,,0.0,0,,0.0
1020290425,Autism Therapy with MITA,ImagiRation LLC,Apple App Store,"iPad, iPhone",Free,2015-09-12,No,"Games, Education, Educational (Games), Word (Games)",No,1348,,0.0,0,,0.0
938321978,Picaa 2,Everyware Apps,Apple App Store,iPad,Free,2015-02-16,No,"Games, Education, Educational (Games)",No,1345,,0.0,0,,0.0
583295023,EARLYThree Pro,WebTeam Corporation,Apple App Store,"iPad, iPhone",Free,2013-05-21,No,Health & Fitness,No,1309,,0.0,68,,0.0
656671741,Furniture 3D Puzzle for Kids - best wooden blocks fun educational game for young children,Abuzz D.O.O.,Apple App Store,"iPad, iPhone",Free,2013-07-05,No,"Games, Education, Puzzle (Games), Family (Games)",No,1303,,0.0,0,,0.0
931890910,iDo Getting Dressed,C.E.T - THE CENTER FOR EDUCATIONAL TECHNOLOGY,Apple App Store,iPad,Free,2015-01-23,Yes,Education,No,1294,,0.0,0,,0.0
977698645,Picto Connection,Picto Connection S.L,Apple App Store,iPad,Free,2015-07-02,No,"Medical, Education",No,1274,,0.0,0,,0.0
905366785,Learn Emotions,Que Innovations Inc,Apple App Store,"iPad, iPhone",Free,2014-08-27,No,Education,No,1259,,0.0,0,,0.0
555381720,Emotionary by Me.Mu,leehsueh,Apple App Store,iPad,Free,2012-09-06,No,Education,No,1238,,0.0,0,,0.0
555257138,Number Sequence - Autism Series,WebTeam Corporation,Apple App Store,"iPad, iPhone",Free,2012-09-01,No,"Education, Health & Fitness",No,1235,,0.0,0,,0.0
684581204,PCS™ Flash Cards Free,Tobii Dynavox LLC,Apple App Store,"iPad, iPhone",Free,2013-08-13,No,Education,No,1208,,0.0,0,,0.0
607805378,Brain in Hand Mobile,Brain in Hand,Apple App Store,"iPad, iPhone",Free,2013-03-06,No,Health & Fitness,No,1204,,0.0,0,,0.0
1026963946,Easy Paint Coloring Page Game for Kids - Scooby Doo Version,TOMTATRI KHAWYOD,Apple App Store,"iPad, iPhone",Free,2015-10-13,No,"Games, Puzzle (Games), Family (Games), Lifestyle",No,1192,,0.0,0,,0.0
919865367,Block Stack : Shape & Logic Puzzle by Agnitus for Toddlers Preschool Kindergarten & First Grade Kids FREE,Agnitus,Apple App Store,"iPad, iPhone",Free,2014-10-04,No,"Games, Education, Educational (Games), Puzzle (Games)",No,1179,,0.0,0,,0.0
877785675,See.Touch.Learn. Site Edition,Brain Parade,Apple App Store,iPad,Free,2014-06-17,No,"Games, Education, Educational (Games)",No,1168,,0.0,0,,0.0
474594699,VizZle Player,"Monarch Teaching Technologies, Inc.",Apple App Store,iPad,Free,2011-11-01,No,Education,No,1164,,0.0,0,,0.0
598110745,Social Stories Application,協康會,Apple App Store,iPad,Free,2013-02-27,No,Education,No,1161,,0.0,0,,0.0
599293180,MOBI:DO Make,Curaga ApS,Apple App Store,iPad,Free,2013-02-11,No,"Education, Lifestyle",No,1138,,0.0,0,,0.0
504292187,Autism & PDD Grammar Lite,Linguisystems,Apple App Store,iPad,Free,2012-03-05,No,Education,No,1133,,0.0,0,,0.0
991558049,Nursery Rhymes for kids and newborns with lullabies and karaoke  (1 yrs + ),Kasim Qureshi,Apple App Store,"iPad, iPhone",Free,2015-05-18,No,"Games, Music (Games), Educational (Games), Education",No,1117,,0.0,0,,0.0
923797038,Behavior Buddy,Caleb Gomer,Apple App Store,iPad,Free,2015-02-23,No,"Education, Utilities",No,1107,,0.0,0,,0.0
610044445,RxWiki -  Health News Videos and Medication Information Encyclopedias,"RxWiki, Inc.",Apple App Store,"iPad, iPhone",Free,2013-03-12,No,"News, Health & Fitness",No,1082,,0.0,0,,0.0
604759260,iRecognize® – Custom Photo Flashcards for Learning and Recall,Richard Dressler,Apple App Store,iPad,Free,2013-03-01,Yes,"Education, Health & Fitness",No,1074,,0.0,0,,0.0
793881035,iTouchiLearn Life Skills: Autism Visual Schedules Rewards Behavior Tracking - Free,Staytoooned,Apple App Store,iPad,Free,2014-01-18,Yes,"Education, Lifestyle",No,1062,,0.0,0,,0.0
827420475,Problem Solving Kit – Lite version,協康會,Apple App Store,iPad,Free,2014-03-02,No,"Games, Education, Educational (Games), Family (Games)",No,1039,,0.0,0,,0.0
893903622,Happy Community Lite,協康會,Apple App Store,iPad,Free,2014-07-28,No,Education,No,1002,,0.0,0,,0.0
792542406,EESpeech Lite - AAC,Elite Express Solutions Inc.,Apple App Store,"iPad, iPhone",Free,2014-01-17,Yes,"Medical, Education",No,995,,0.0,0,,0.0
816627026,Picture Card Maker Plus Free,Bo Innovations,Apple App Store,"iPad, iPhone",Free,2015-07-20,No,"Education, Lifestyle",No,969,,0.0,0,,0.0
527931314,Autism and PDD Categories Lite,Linguisystems,Apple App Store,iPad,Free,2012-05-25,No,Education,No,925,,0.0,0,,0.0
949195802,Preschool Candy Kid -Educational Games for Toddlers & Kindergarten Children. Help save the frozen candy!,Kasim Qureshi,Apple App Store,"iPad, iPhone",Free,2014-12-17,Yes,"Games, Educational (Games), Education, Family (Games)",No,922,,0.0,0,,0.0
975698523,AutisMe,Charlie Edmunds,Apple App Store,"iPad, iPhone",Free,2015-04-09,No,"Education, Lifestyle",No,914,,0.0,0,,0.0
427518400,A SUNNY DAY,Fee Tan,Apple App Store,iPad,Free,2011-03-28,No,"Games, Education, Educational (Games)",No,906,,0.0,0,,0.0
649802765,Parentable: ADHD Autism Learning Disorder & Parenting News,"Mediasota, LLC",Apple App Store,"iPad, iPhone",Free,2013-05-22,No,"Reference, Education",No,895,,0.0,0,,0.0
882458775,SociaalOpStap voor iPhone,CED-Groep,Apple App Store,"iPad, iPhone",Free,2014-06-11,No,"Education, Lifestyle",No,893,,0.0,0,,0.0
916131276,Race & Trace : Intro to Tracing & Writing Number Doodle and Math Symbols for kids FREE,Agnitus,Apple App Store,"iPad, iPhone",Free,2014-09-26,Yes,"Games, Education, Educational (Games), Word (Games)",No,869,,0.0,0,,0.0
918450953,Preschool ABC Spelling Aliens: Phonic Sounds ABC Playtime - Syllable name & Sound Combination Playtime for 3 year old 4 year old & 5 year old kids FREE,Agnitus,Apple App Store,"iPad, iPhone",Free,2014-09-25,Yes,"Games, Education, Educational (Games), Family (Games)",No,840,,0.0,0,,0.0
525784849,Autism & PDD Comparatives/Superlatives Lite,Linguisystems,Apple App Store,iPad,Free,2012-05-22,No,Education,No,836,,0.0,0,,0.0
763446082,Sound Memo improves visual-auditory perception of your kid very good for children with autism,Likomp,Apple App Store,"iPad, iPhone",Free,2013-11-26,No,"Games, Education, Educational (Games), Card (Games)",No,830,,0.0,0,,0.0
560442053,Communications,True Information Technology Company Limited,Apple App Store,iPad,Free,2012-09-20,No,Education,No,829,,0.0,0,,0.0
522375082,Autism and PDD Associations Lite,Linguisystems,Apple App Store,iPad,Free,2012-05-02,No,Education,No,805,,0.0,0,,0.0
905212254,M-CHAT-R™,Medilink,Apple App Store,"iPad, iPhone",Free,2014-08-08,No,"Medical, Health & Fitness",No,804,,0.0,0,,0.0
527601033,Autism & PDD Opposites Lite,Linguisystems,Apple App Store,iPad,Free,2012-05-22,No,Education,No,801,,0.0,0,,0.0
568839447,Trace & Share,True Information Technology Company Limited,Apple App Store,iPad,Free,2012-10-24,No,"Games, Education, Educational (Games)",No,762,,0.0,0,,0.0
555241556,Early Counting Skills - Autism Series,WebTeam Corporation,Apple App Store,"iPad, iPhone",Free,2012-09-01,No,"Education, Health & Fitness",No,748,,0.0,0,,0.0
910213422,Color Countdown,"ExcepApps, Inc",Apple App Store,"iPad, iPhone",Free,2014-08-25,No,"Education, Productivity",No,748,,0.0,0,,0.0
1021180454,Puzzle Solving : Animal Version,denny nguyen,Apple App Store,"iPad, iPhone",Free,2015-09-05,No,"Games, Educational (Games), Entertainment, Word (Games)",No,737,,0.0,0,,0.0
780765344,Puzzles for kids - Boys Puzzles,Genius Donkeys,Apple App Store,"iPad, iPhone",Free,2013-12-18,No,"Games, Educational (Games), Education, Puzzle (Games)",No,715,,0.0,0,,0.0
919835028,Rocky ABCD Colors Shapes & Alphabet Playtime : Fundamental Skills Learning Series for Montessori FREE,Agnitus,Apple App Store,"iPad, iPhone",Free,2014-10-04,No,"Games, Education, Educational (Games), Family (Games)",No,710,,0.0,0,,0.0
922397946,Coloring Book for Sailor Moon - Pretty Soldier Edition,Warunee Kongtoom,Apple App Store,"iPad, iPhone",Free,2014-10-08,No,"Games, Education, Educational (Games), Family (Games)",No,709,,0.0,0,,0.0
549850375,MyAutismTeam: The social network for parents of children with autism,MyHealthTeams,Apple App Store,"iPad, iPhone",Free,2012-08-09,No,"Health & Fitness, Social Networking",No,707,,0.0,0,,0.0
596622919,Magic Effects HD,Allyance Designs,Apple App Store,iPad,Free,2013-02-01,No,"Entertainment, Lifestyle",No,703,,0.0,0,,0.0
780753812,Puzzles for kids - Animal Puzzles,Genius Donkeys,Apple App Store,"iPad, iPhone",Free,2013-12-18,No,"Games, Education, Educational (Games), Puzzle (Games)",No,702,,0.0,0,,0.0
790269455,Actions In Video - Lite,Geraldine Moran,Apple App Store,iPad,Free,2014-02-12,Yes,Education,No,701,,0.0,0,,0.0
496878701,Connect Cards,Smile Kid,Apple App Store,iPad,Free,2012-02-02,No,Education,No,701,,0.0,0,,0.0
958980279,Mandalynths - Meditation Mindfulness Stress Management,Erin Rado,Apple App Store,"iPad, iPhone",Free,2015-06-03,Yes,"Medical, Health & Fitness",No,699,,0.0,0,,0.0
1044049136,ABC English Reading Spelling Alphabet Free For Kid,kaowrote sutapakdi,Apple App Store,"iPad, iPhone",Free,2015-10-09,No,"Education, Entertainment",No,698,,0.0,0,,0.0
910956884,DrOmnibus - happy therapy,DrOmnibus,Apple App Store,iPad,Free,2015-01-23,No,"Medical, Education",No,698,,0.0,0,,0.0
833432278,Verbs for Kids-Part 2- Free educational English language learning lessons for children to learn animated action words & play,Reputas LLC,Apple App Store,"iPad, iPhone",Free,2014-10-07,Yes,"Education, Entertainment",No,684,,0.0,7,,0.0
1053769745,ABC Learn English : Vocabulary and Conversation : Learning Games For Kids - Easily -Free and FUN!!,kaowrote sutapakdi,Apple App Store,"iPad, iPhone",Free,2015-11-07,No,"Education, Entertainment",No,663,,0.0,0,,0.0
916165151,Bunny Spelling ABC: Syllable Name & Phonic Sounds Combination ABC Playtime for 34 & 5 year old kids FREE,Agnitus,Apple App Store,"iPad, iPhone",Free,2014-09-30,Yes,"Games, Education, Educational (Games), Family (Games)",No,659,,0.0,0,,0.0
480901185,In My Own World,Apptology,Apple App Store,"iPad, iPhone",Free,2011-11-21,No,"Education, Books",No,658,,0.0,0,,0.0
521566089,VB-MAPPv1,Marz Consulting Inc.,Apple App Store,iPad,Free,2012-05-25,Yes,"Medical, Education",No,654,,0.0,495,,0.0
1008763025,Pony Games for Preschool Girls: Free,Kasim Qureshi,Apple App Store,"iPad, iPhone",Free,2015-07-07,Yes,"Games, Music (Games), Educational (Games), Education",No,640,,0.0,0,,0.0
410530334,Smurks,Iconicast LLC,Apple App Store,"iPad, iPhone",Free,2010-12-21,No,"Medical, Social Networking",No,632,,0.0,0,,0.0
689172370,Connecting Steps Assessment Tool,B Squared,Apple App Store,iPad,Free,2013-08-23,No,"Education, Productivity",No,626,,0.0,0,,0.0
610247449,The Behavior Textbook (TBT) - Feeling Cards,MDR,Apple App Store,"iPad, iPhone",Free,2013-03-06,No,"Medical, Education",No,617,,0.0,0,,0.0
513947983,Celebrity Workout Free,Silver Hatch Sports LTD,Apple App Store,"iPad, iPhone",Free,2012-05-16,No,"Sports, Health & Fitness",No,616,,0.0,0,,0.0
982297799,BudEye Calendar,HB Sundboms HS Konsult,Apple App Store,"iPad, iPhone",Free,2015-07-14,Yes,"Medical, Utilities",No,614,,0.0,166,,0.0
880030197,BlueAssist Light,Marlon,Apple App Store,"iPad, iPhone",Free,2014-05-22,No,Utilities,No,614,,0.0,0,,0.0
595940588,Klabosil for iPad,NUEMA spol. s r.o.,Apple App Store,iPad,Free,2013-02-22,No,"Medical, Education",No,607,,0.0,0,,0.0
669087475,Autisme Avenir,AppsVision,Apple App Store,"iPad, iPhone",Free,2013-07-19,No,"Reference, Social Networking",No,606,,0.0,0,,0.0
596612174,Magic Effects,Allyance Designs,Apple App Store,"iPad, iPhone",Free,2013-02-01,No,"Entertainment, Lifestyle",No,604,,0.0,0,,0.0
989002636,Fact or Opinion: Reading Comprehension Skill Builder - Common Core Aligned,Janine Toole,Apple App Store,"iPad, iPhone",Free,2015-05-23,Yes,"Games, Education, Educational (Games), Word (Games)",No,603,,0.0,0,,0.0
981158898,Planet Pronoun Lite,Domino Création,Apple App Store,iPad,Free,2015-04-09,No,Education,No,593,,0.0,0,,0.0
987432520,Autism Smart App تطبيق التوحد الذكي,Takamul Smart Technology LLC,Apple App Store,"iPad, iPhone",Free,2015-07-28,No,"Medical, Education",No,586,,0.0,0,,0.0
703031651,MagnusCards,Magnusmode Ltd,Apple App Store,"iPad, iPhone",Free,2013-09-23,No,"Education, Productivity",No,584,,0.0,0,,0.0
841080899,FlummoxVision™ — Watch Flummox and Friends on your iPad,Flummox Labs LLC,Apple App Store,iPad,Free,2014-04-02,Yes,"Education, Entertainment",Yes,559,,0.0,0,,0.0
496625652,Rethink Behavior Tracking,Rethink Autism,Apple App Store,"iPad, iPhone",Free,2012-02-29,No,"Education, Lifestyle",No,553,,0.0,0,,0.0
938015711,Coloring Book for Popeye,Payungsak Kongtum,Apple App Store,"iPad, iPhone",Free,2014-11-26,No,"Games, Education, Educational (Games), Family (Games)",No,552,,0.0,0,,0.0
867495439,MEE keuzehulp,eVect,Apple App Store,iPad,Free,2014-05-06,No,"Medical, Catalogs",No,538,,0.0,0,,0.0
954539688,This for That: Visual Timer,Center for Autism and Related Disorders,Apple App Store,"iPad, iPhone",Free,2015-01-08,No,"Education, Productivity",No,534,,0.0,28,,0.0
720041472,Joint Attention Training free version,Scott Chen,Apple App Store,"iPad, iPhone",Free,2013-10-22,No,"Games, Education, Educational (Games), Puzzle (Games)",No,534,,0.0,0,,0.0
684850211,PCS™ Bingo Free,Tobii Dynavox LLC,Apple App Store,"iPad, iPhone",Free,2013-08-13,No,Education,No,532,,0.0,0,,0.0
472604387,EASe Lite Listening Therapy,Audioforge Labs Inc.,Apple App Store,"iPad, iPhone",Free,2011-10-24,No,"Education, Health & Fitness",No,523,,0.0,0,,0.0
883405653,Forest Fighter,Zyrobotics LLC,Apple App Store,"iPad, iPhone",Free,2014-07-09,No,"Games, Education, Educational (Games), Family (Games)",No,518,,0.0,0,,0.0
915510328,Code4Armour,Code4Armour Inc.,Apple App Store,"iPad, iPhone",Free,2014-11-26,No,"Medical, Health & Fitness",No,509,,0.0,0,,0.0
541450047,Autism Language Learning Lite,TalkTime Pediatric Speech Academy,Apple App Store,"iPad, iPhone",Free,2012-08-09,No,"Medical, Education",No,502,,0.0,0,,0.0
919830429,Shape Puzzle Saga : Learn about Shape Size & Jigsaw for Preschool & Kindergarten Age Kids FREE,Agnitus,Apple App Store,"iPad, iPhone",Free,2014-10-04,Yes,"Games, Education, Educational (Games), Puzzle (Games)",No,502,,0.0,0,,0.0
1029767551,Calming Bottle,eSolution,Apple App Store,"iPad, iPhone",Free,2015-08-19,No,"Medical, Health & Fitness",No,489,,0.0,0,,0.0
919830764,Sort by Size - Learn Basic Counting & Improve Problem Solving Skills for 1st Grade Kids FREE,Agnitus,Apple App Store,"iPad, iPhone",Free,2014-10-04,Yes,"Games, Education, Puzzle (Games), Family (Games)",No,466,,0.0,0,,0.0
950087951,SuperSpeak,Superplus AS,Apple App Store,"iPad, iPhone",Free,2015-03-12,Yes,"Education, Utilities",No,464,,0.0,0,,0.0
587400341,Hoo-Doo 7x7,Hoodoo Informatique Inc.,Apple App Store,"iPad, iPhone",Free,2013-01-26,No,"Games, Education, Educational (Games), Puzzle (Games)",No,457,,0.0,0,,0.0
1046547062,ABC Alphabet Phonics Preschool Kids Learning Free,kaowrote sutapakdi,Apple App Store,"iPad, iPhone",Free,2015-10-14,No,"Education, Entertainment",No,455,,0.0,0,,0.0
590224977,Count It Easy - Autism Series,WebTeam Corporation,Apple App Store,"iPad, iPhone",Free,2013-01-16,Yes,"Education, Health & Fitness",No,454,,0.0,0,,0.0
587353024,Sounds of the House - Lite,WebTeam Corporation,Apple App Store,"iPad, iPhone",Free,2013-01-10,No,"Education, Health & Fitness",No,453,,0.0,0,,0.0
881994987,CT Scan: Imaging here we go!,Marquette University,Apple App Store,iPad,Free,2014-06-04,No,"Medical, Education",No,449,,0.0,0,,0.0
684847459,PCS™ Memory Free,Tobii Dynavox LLC,Apple App Store,"iPad, iPhone",Free,2013-08-13,No,Education,No,449,,0.0,0,,0.0
540288464,Flowers For Everyone,Flowers For Everyone,Apple App Store,"iPad, iPhone",Free,2012-07-14,No,"Business, Lifestyle",No,444,,0.0,0,,0.0
836487438,語你同行Lite,協康會,Apple App Store,iPad,Free,2014-04-01,No,Education,No,443,,0.0,0,,0.0
966952305,NAS Professional,National Autistic Society,Apple App Store,"iPad, iPhone",Free,2015-02-21,No,"Medical, Education",No,428,,0.0,0,,0.0
709601941,SpeakColors Español Lite,"RWH Technology, LLC",Apple App Store,iPad,Free,2013-11-14,Yes,"Medical, Education",No,412,,0.0,0,,0.0
977828349,I Know How You Feel Lite,"Creative Social Learning, LLC",Apple App Store,"iPad, iPhone",Free,2015-03-25,No,"Games, Education, Educational (Games)",No,410,,0.0,0,,0.0
377993736,Pocket Picture Planner HD,Cognitopia Software LLC,Apple App Store,iPad,Free,2010-07-09,No,"Education, Productivity",No,405,,0.0,0,,0.0
504117884,Upper Case S - Autism Series,WebTeam Corporation,Apple App Store,"iPad, iPhone",Free,2012-02-24,Yes,"Education, Health & Fitness",No,401,,0.0,0,,0.0
549731884,Planner Guide,Web Ascender,Apple App Store,"iPad, iPhone",Free,2012-08-21,No,"Reference, Education",No,399,,0.0,0,,0.0
850237188,MOVIISS – Mobilt visuelt individuelt støttesystem,Huge Lawn - Miracle Apps ApS,Apple App Store,"iPad, iPhone",Free,2014-04-08,No,"Education, Lifestyle",No,394,,0.0,0,,0.0
494750234,Put It Away,leehsueh,Apple App Store,iPad,Free,2012-01-19,No,"Games, Education, Educational (Games), Family (Games)",No,393,,0.0,0,,0.0
979905760,AuTeachism,Auteachism LLC,Apple App Store,iPad,Free,2015-04-16,No,"Medical, Education",No,371,,0.0,0,,0.0
887603628,Smart Steps Mobile,SmartSteps,Apple App Store,"iPad, iPhone",Free,2014-07-20,No,"Education, Health & Fitness",No,371,,0.0,0,,0.0
503124325,Lower Case S - Autism Series,WebTeam Corporation,Apple App Store,"iPad, iPhone",Free,2012-02-24,Yes,"Education, Health & Fitness",No,370,,0.0,0,,0.0
322448547,Locabulary Lite,"Red Mountain Labs, Inc.",Apple App Store,"iPad, iPhone",Free,2009-07-14,No,"Medical, Education",Yes,370,,0.0,0,,0.0
780758702,Puzzles for kids - Girls Puzzles,Genius Donkeys,Apple App Store,"iPad, iPhone",Free,2013-12-18,No,"Games, Educational (Games), Education, Puzzle (Games)",No,356,,0.0,0,,0.0
906662040,Circus Starr - Show and Tell,Circus Starr,Apple App Store,"iPad, iPhone",Free,2014-08-26,No,"Education, Entertainment",No,351,,0.0,0,,0.0
456940598,Sōsh™ Lite,Dr. Mark Bowers,Apple App Store,"iPad, iPhone",Free,2011-08-18,No,"Education, Lifestyle",No,351,,0.0,0,,0.0
906139997,Autism Data Collection: Skills® LogBook,Center for Autism and Related Disorders,Apple App Store,iPad,Free,2014-08-20,No,Education,No,350,,0.0,0,,0.0
1017683223,Autism Connect,Autism West Midlands,Apple App Store,"iPad, iPhone",Free,2015-07-24,No,"Reference, Social Networking",No,332,,0.0,0,,0.0
881995437,Nuclear Medicine: Imaging here we go!,Marquette University,Apple App Store,iPad,Free,2014-06-04,No,"Medical, Education",No,328,,0.0,0,,0.0
377968377,Pocket Picture Planner,Cognitopia Software LLC,Apple App Store,"iPad, iPhone",Free,2010-06-23,No,"Education, Productivity",No,326,,0.0,0,,0.0
872916886,The Boys From Manchester,Number 10 LLC,Apple App Store,"iPad, iPhone",Free,2014-05-16,No,Sports,No,324,,0.0,0,,0.0
931211670,Working 4 Autism Puzzle Game,Working 4 Autism,Apple App Store,"iPad, iPhone",Free,2014-10-26,No,"Games, Board (Games), Puzzle (Games), Lifestyle",No,321,,0.0,0,,0.0
705079032,Spot 'n Spell,WebTeam Corporation,Apple App Store,"iPad, iPhone",Free,2013-09-25,Yes,"Games, Educational (Games), Entertainment, Word (Games)",No,320,,0.0,0,,0.0
503811983,Cursive Lower Case S - Autism Series,WebTeam Corporation,Apple App Store,"iPad, iPhone",Free,2012-02-24,Yes,"Education, Health & Fitness",No,318,,0.0,0,,0.0
589344580,Color In - Autism Series,WebTeam Corporation,Apple App Store,"iPad, iPhone",Free,2013-01-04,No,"Education, Health & Fitness",No,310,,0.0,0,,0.0
986420364,CanGo,University of Victoria,Apple App Store,"iPad, iPhone",Free,2015-05-12,No,"Navigation, Utilities",No,296,,0.0,0,,0.0
684840907,PCS™ Word Scramble Free,Tobii Dynavox LLC,Apple App Store,"iPad, iPhone",Free,2013-08-13,No,Education,No,295,,0.0,0,,0.0
871142795,Learn to Read with Doman method,Little Readers,Apple App Store,iPad,Free,2014-05-05,Yes,"Education, Books",No,293,,0.0,0,,0.0
946216069,CanWork,University of Victoria,Apple App Store,"iPad, iPhone",Free,2014-12-20,No,Productivity,No,292,,0.0,0,,0.0
987953525,Playful Preschooler Daycare - Help mommy and dad with teaching the newborn kids!  ( 2 yrs + ),Kasim Qureshi,Apple App Store,"iPad, iPhone",Free,2015-05-21,No,"Games, Music (Games), Educational (Games), Education",No,282,,0.0,0,,0.0
780767970,Puzzles for kids - Awesome Puzzles,Genius Donkeys,Apple App Store,"iPad, iPhone",Free,2013-12-18,No,"Games, Education, Educational (Games), Puzzle (Games)",No,275,,0.0,0,,0.0
881998933,X-Ray: Imaging here we go!,Marquette University,Apple App Store,iPad,Free,2014-06-04,No,"Medical, Education",No,272,,0.0,0,,0.0
721850261,Foov at the Ballpark,Foov Fitness LLC,Apple App Store,iPad,Free,2013-10-17,No,"Education, Health & Fitness",No,269,,0.0,0,,0.0
974159875,Math Vocab 1: Fun Learning Game for Improved Math Comprehension,Janine Toole,Apple App Store,"iPad, iPhone",Free,2015-04-21,Yes,"Games, Education, Educational (Games), Word (Games)",No,267,,0.0,0,,0.0
549395014,iLNE Spell 2 L – Autism Series,WebTeam Corporation,Apple App Store,"iPad, iPhone",Free,2012-10-18,No,"Education, Health & Fitness",No,261,,0.0,0,,0.0
577055693,Body Atlas,WebTeam Corporation,Apple App Store,"iPad, iPhone",Free,2013-01-08,No,"Education, Health & Fitness",No,260,,0.0,0,,0.0
879615622,MRI: Imaging here we go!,Marquette University,Apple App Store,iPad,Free,2014-06-04,No,"Medical, Education",No,246,,0.0,0,,0.0
879505862,Doit - zapps,Lucine bvba,Apple App Store,"iPad, iPhone",Free,2014-05-21,No,"Productivity, Lifestyle",No,245,,0.0,0,,0.0
980788301,Math Vocab 2 - Fun Learning Game for Improved Math Comprehension,Janine Toole,Apple App Store,"iPad, iPhone",Free,2015-04-25,Yes,"Games, Education, Educational (Games), Word (Games)",No,244,,0.0,0,,0.0
958966540,Autism Decoder Free,Wayne Pereanu,Apple App Store,"iPad, iPhone",Free,2015-02-19,No,"News, Education",No,243,,0.0,0,,0.0
920852613,Coloring Book for Naruto and Friends,Warunee Kongtoom,Apple App Store,"iPad, iPhone",Free,2014-10-01,No,"Games, Education, Educational (Games), Family (Games)",No,243,,0.0,0,,0.0
503791312,Cursive Upper Case - S,WebTeam Corporation,Apple App Store,"iPad, iPhone",Free,2012-02-23,Yes,"Education, Health & Fitness",No,241,,0.0,0,,0.0
981627533,SmartEdApp,SPED K12,Apple App Store,iPad,Free,2015-04-11,No,"Education, Productivity",No,231,,0.0,0,,0.0
627892435,National Autistic Society: Take Action,hcetech,Apple App Store,"iPad, iPhone",Free,2013-04-04,No,"Reference, Utilities",No,229,,0.0,0,,0.0
661739713,CEMIT Lite,KYBERVISION JAPAN LLC,Apple App Store,"iPad, iPhone",Free,2013-08-18,No,"Medical, Health & Fitness",No,228,,0.0,0,,0.0
923923152,Coloring Book for The Little Mole,Krittaporn Yanapan,Apple App Store,"iPad, iPhone",Free,2014-10-11,No,"Games, Education, Educational (Games), Family (Games)",No,226,,0.0,0,,0.0
533090649,Glossary All,CloudyBrain.com,Apple App Store,"iPad, iPhone",Free,2012-06-29,Yes,"Education, Entertainment",No,225,,0.0,0,,0.0
360381130,QuickCues,Fraser,Apple App Store,"iPad, iPhone",Free,2010-04-17,Yes,"Reference, Education",No,222,,0.0,347,,0.0
638739048,i-Lexis Pro (Multi Language),Alessandro Benedettini,Apple App Store,"iPad, iPhone",Free,2013-04-26,No,"Games, Education, Educational (Games), Family (Games)",No,222,,0.0,0,,0.0
954565267,This for That: Token Board,Center for Autism and Related Disorders,Apple App Store,"iPad, iPhone",Free,2015-04-04,No,"Education, Productivity",No,220,,0.0,9,,0.0
619192721,AAC好溝通,Unlimiter,Apple App Store,iPad,Free,2013-04-13,Yes,"Medical, Education",No,219,,0.0,4297,,0.0
944430537,NODA Capture,Caring Technologies,Apple App Store,"iPad, iPhone",Free,2014-12-20,No,"Medical, Health & Fitness",No,208,,0.0,0,,0.0
933635827,Planet Hearwell Zone,The Listening Lab,Apple App Store,iPad,Free,2014-12-03,No,"Education, Entertainment",No,208,,0.0,0,,0.0
825405687,CopyMe,Games Studio,Apple App Store,iPad,Free,2014-02-28,No,"Games, Education, Educational (Games)",No,203,,0.0,0,,0.0
943153222,Santa’s Christmas Games and Preschool Puzzles for Kids - Merry xmas!,Kasim Qureshi,Apple App Store,"iPad, iPhone",Free,2014-12-03,Yes,"Games, Educational (Games), Education, Family (Games)",No,201,,0.0,0,,0.0
923259804,Preschool Tracing Lines Doodling & Hand Writing Puzzle for for Kids: Halloween Theme FREE,Agnitus,Apple App Store,"iPad, iPhone",Free,2014-10-14,Yes,"Games, Education, Educational (Games), Family (Games)",No,199,,0.0,0,,0.0
1002189583,Birdhouse for Special Needs,Birdhouse LLC,Apple App Store,"iPad, iPhone",Free,2015-07-01,No,"Health & Fitness, Productivity",No,196,,0.0,0,,0.0
981636365,Math Vocab 3: Fun Learning Game for Improved Math Comprehension,Janine Toole,Apple App Store,"iPad, iPhone",Free,2015-04-27,Yes,"Games, Education, Educational (Games), Word (Games)",No,196,,0.0,0,,0.0
586921519,Minus Drills. - Autism Series,WebTeam Corporation,Apple App Store,"iPad, iPhone",Free,2012-12-16,Yes,"Education, Health & Fitness",No,188,,0.0,0,,0.0
584935132,NameGames,"Synapps Media, LLC",Apple App Store,"iPad, iPhone",Free,2013-02-06,Yes,"Games, Education, Educational (Games)",No,187,,0.0,119,,0.0
905279220,ComID,OneSixty Mobile Concepts,Apple App Store,"iPad, iPhone",Free,2014-08-12,No,"Education, Productivity",No,182,,0.0,0,,0.0
585196807,Barn Door Four: Home Edition,"Learnitech, LLC",Apple App Store,iPad,Free,2012-12-14,Yes,"Games, Education",No,172,,0.0,0,,0.0
395347869,SymTrend Toilet,"SymTrend, Inc.",Apple App Store,"iPad, iPhone",Free,2010-10-15,No,"Education, Health & Fitness",No,171,,0.0,0,,0.0
916161767,Candy Bricks - Shape Building Jigsaw Puzzle for Toddlers in Preschool Kindergarten & 1st Grade FREE,Agnitus,Apple App Store,"iPad, iPhone",Free,2014-10-08,Yes,"Games, Education, Educational (Games), Puzzle (Games)",No,167,,0.0,0,,0.0
584297635,Sort N Stack,WebTeam Corporation,Apple App Store,"iPad, iPhone",Free,2012-12-20,No,"Education, Health & Fitness",No,166,,0.0,0,,0.0
667785615,Kidz@GCU Hospital,Darcelle Hinze,Apple App Store,"iPad, iPhone",Free,2013-07-16,No,"Games, Education, Educational (Games)",No,166,,0.0,0,,0.0
1059172980,Learn English Vocabulary - Learning Education Puzzle Games For Kids Kindergarten Easy,kaowrote sutapakdi,Apple App Store,"iPad, iPhone",Free,2015-11-24,No,"Education, Entertainment",No,159,,0.0,0,,0.0
736050903,Attainment's Read to Learn Free,Attainment Company,Apple App Store,iPad,Free,2014-01-02,Yes,"Education, Books",No,155,,0.0,0,,0.0
823633624,Cloudina BlueAssist,Cloudina,Apple App Store,"iPad, iPhone",Free,2014-04-03,No,"Medical, Productivity",No,153,,0.0,0,,0.0
993110549,Painting Game for Gumball,Anchalee Fuktong,Apple App Store,"iPad, iPhone",Free,2015-05-15,No,"Games, Education",No,149,,0.0,0,,0.0
586925448,Divide N Play. - Autism Series,WebTeam Corporation,Apple App Store,"iPad, iPhone",Free,2012-12-16,Yes,"Education, Health & Fitness",No,143,,0.0,0,,0.0
595075238,iTrackMood.,WebTeam Corporation,Apple App Store,"iPad, iPhone",Free,2013-01-25,Yes,Health & Fitness,No,141,,0.0,0,,0.0
449076204,iHowTo-Book,Kensei Ikeda,Apple App Store,"iPad, iPhone",Free,2011-07-18,No,"Education, Books",No,140,,0.0,0,,0.0
521053736,What's the Expression - All Ages,WebTeam Corporation,Apple App Store,"iPad, iPhone",Free,2012-10-06,No,"Education, Health & Fitness",No,136,,0.0,0,,0.0
727405443,S.E.E. Lite,saym basheer,Apple App Store,iPad,Free,2014-07-10,No,"Games, Education, Educational (Games), Family (Games)",No,133,,0.0,0,,0.0
919482194,Phonics Peekaboo Alphabet Matching Puzzle with Flash Cards for Preschool & Kindergarten Kids FREE,Agnitus,Apple App Store,"iPad, iPhone",Free,2014-10-03,No,"Games, Education, Educational (Games), Family (Games)",No,131,,0.0,0,,0.0
546655732,obansys Free,Mangold International GmbH,Apple App Store,"iPad, iPhone",Free,2012-08-01,No,"Productivity, Utilities",No,131,,0.0,0,,0.0
512308402,PandaPal (AAC) Application for iPad,"Kim Scott, M.S., CCC-SLP",Apple App Store,iPad,Free,2012-06-01,No,"Medical, Education",No,129,,0.0,0,,0.0
684396188,ExpressionArcade,Gavant Software,Apple App Store,iPad,Free,2013-08-09,No,"Games, Education, Educational (Games)",No,126,,0.0,0,,0.0
442992034,My First Voice Lite,"Special Learning, Inc.",Apple App Store,"iPad, iPhone",Free,2011-06-14,No,"Education, Productivity",No,122,,0.0,0,,0.0
665424879,Nightingale,Nightingale App Inc,Apple App Store,"iPad, iPhone",Free,2013-07-23,No,Medical,No,120,,0.0,0,,0.0
937370829,My Memory App,Elliot Buczek,Apple App Store,iPad,Free,2015-01-14,No,"Medical, Education",No,119,,0.0,197,,0.0
460305160,iSpoke Flash Cards Lite,Anthony Toben,Apple App Store,"iPad, iPhone",Free,2011-09-01,No,"Education, Entertainment",No,119,,0.0,0,,0.0
866381920,Autism RSS,Sanghoon Lee,Apple App Store,"iPad, iPhone",Free,2014-05-01,No,"News, Education",No,118,,0.0,0,,0.0
965720790,Voice Check,Intelligent Retail Systems,Apple App Store,"iPad, iPhone",Free,2015-02-18,No,"Education, Lifestyle",No,116,,0.0,0,,0.0
897104711,Solve It - Solve Your Problems,Small TALK Speech Therapy Pty Ltd,Apple App Store,"iPad, iPhone",Free,2014-09-25,Yes,"Education, Lifestyle",No,114,,0.0,0,,0.0
944196581,In Perspective Magazine,PressPad Sp. z o.o.,Apple App Store,"iPad, iPhone",Free,2014-12-05,Yes,"Magazines & Newspapers, Lifestyle",No,113,,0.0,54,,0.0
1007570239,Mozzaz Care,Mozzaz Corporation,Apple App Store,iPad,Free,2015-07-02,No,"Medical, Health & Fitness",No,113,,0.0,0,,0.0
548599733,iLNE Spell 1 L – Autism Series,WebTeam Corporation,Apple App Store,"iPad, iPhone",Free,2012-09-14,No,"Education, Health & Fitness",No,111,,0.0,0,,0.0
862321258,Art to Heart,cccdi ltd.,Apple App Store,iPad,Free,2014-04-18,No,Lifestyle,No,110,,0.0,0,,0.0
470915360,Touch & Say SD,Interbots,Apple App Store,"iPad, iPhone",Free,2011-10-13,No,"Education, Entertainment",No,109,,0.0,0,,0.0
867525129,Mente™ for iPad,AAT Medical Limited,Apple App Store,iPad,Free,2014-05-09,No,"Medical, Health & Fitness",No,108,,0.0,0,,0.0
903644144,School For All - المدرسة للجميع,"Ministry of Education, United Arab Emirates",Apple App Store,"iPad, iPhone",Free,2014-08-02,No,"News, Education",No,108,,0.0,0,,0.0
938833488,MeMeter - Feeling cards for self expression,Carlos Rodriguez,Apple App Store,"iPad, iPhone",Free,2014-11-19,No,"Education, Lifestyle",No,107,,0.0,1,,0.0
552397480,自闭症 Autism DX by drBrownsApps.com,ZBobbApps.com,Apple App Store,"iPad, iPhone",Free,2012-09-05,No,"Medical, Education",No,106,,0.0,47,,0.0
970381537,ASD Info Wales: Working with Autism,Eazyweb,Apple App Store,"iPad, iPhone",Free,2015-08-22,No,"Utilities, Lifestyle",No,105,,0.0,0,,0.0
504264727,Map Me - Lite,WebTeam Corporation,Apple App Store,"iPad, iPhone",Free,2012-02-28,No,"Education, Health & Fitness",No,105,,0.0,0,,0.0
1001012078,Allergy Ke Upchar - Remedies of Allergy,Rikhil Jain,Apple App Store,"iPad, iPhone",Free,2015-06-25,No,"Medical, Health & Fitness",No,104,,0.0,0,,0.0
841406735,27th Annual Autism Society of Wisconsin Conference,Autism Society of Wisconsin,Apple App Store,"iPad, iPhone",Free,2014-04-15,No,Reference,No,103,,0.0,0,,0.0
867490801,Mente™,AAT Medical Limited,Apple App Store,"iPad, iPhone",Free,2014-05-09,No,"Medical, Health & Fitness",No,103,,0.0,0,,0.0
968422466,IdeoPrompt Lite,Oralys Inc.,Apple App Store,"iPad, iPhone",Free,2015-04-18,No,"Medical, Education",No,102,,0.0,0,,0.0
796059957,TobyPlaypad 2,Autism West,Apple App Store,iPad,Free,2014-05-05,Yes,Education,No,97,,0.0,0,,0.0
626167930,mproAutism,Crimson Tide Mpro Limited,Apple App Store,"iPad, iPhone",Free,2013-04-01,No,"Medical, Health & Fitness",No,96,,0.0,0,,0.0
682839850,Full Resolution Health,Novacoast,Apple App Store,"iPad, iPhone",Free,2013-08-30,No,"Medical, Health & Fitness",No,96,,0.0,0,,0.0
919483607,My Sticker Playtime - Scene Creation FREE,Agnitus,Apple App Store,"iPad, iPhone",Free,2014-11-13,No,"Games, Education",No,95,,0.0,0,,0.0
959873599,Graviant,Graviant Educatieve Uitgaven,Apple App Store,iPad,Free,2015-04-23,No,"Education, Books",No,94,,0.0,0,,0.0
545208024,Likes and Dislikes,Cendana,Apple App Store,"iPad, iPhone",Free,2012-07-29,No,"Medical, Education",No,84,,0.0,0,,0.0
419068479,Flashables 50 English Audio,Hotsource ESD,Apple App Store,"iPad, iPhone",Free,2011-02-16,No,"Reference, Utilities",No,82,,0.0,0,,0.0
789851768,iKatha,Kavita Sharma,Apple App Store,iPad,Free,2014-01-10,No,Education,No,81,,0.0,0,,0.0
951301779,Wiggly Stories,Becky Bush,Apple App Store,iPad,Free,2015-01-11,No,Education,No,78,,0.0,235,,0.0
923259354,Monster Block Puzzle: Eerie Space and Shape Logic Quest FREE,Agnitus,Apple App Store,"iPad, iPhone",Free,2014-10-15,No,"Games, Education, Educational (Games), Puzzle (Games)",No,77,,0.0,0,,0.0
616736726,DPS Daily Notes,Key To Business,Apple App Store,"iPad, iPhone",Free,2013-03-19,No,"Medical, Health & Fitness",No,76,,0.0,0,,0.0
505797689,Autism DX / Treatment,ZBobbApps.com,Apple App Store,"iPad, iPhone",Free,2012-03-03,No,"Education, Health & Fitness",No,74,,0.0,5,,0.0
739174434,Attainment's Community Success Free,Attainment Company,Apple App Store,iPad,Free,2013-12-18,Yes,Education,No,73,,0.0,0,,0.0
1040449640,Arcade Tap,Rebellion Media,Apple App Store,"iPad, iPhone",Free,2015-10-27,No,"Games, Arcade (Games), Educational (Games), Entertainment",No,72,,0.0,0,,0.0
455268232,IEPPAL,Perceptum Solutions LLC,Apple App Store,iPad,Free,2011-08-13,No,"Medical, Education",No,70,,0.0,0,,0.0
481913653,Autism Quiz,Wayne Pereanu,Apple App Store,"iPad, iPhone",Free,2011-11-23,No,"Education, Social Networking",No,68,,0.0,0,,0.0
922952477,Halloween Phonics & Spelling: Learn ABC Alphabet Names for Kids FREE,Agnitus,Apple App Store,"iPad, iPhone",Free,2014-10-14,Yes,"Games, Education, Educational (Games), Family (Games)",No,68,,0.0,0,,0.0
795845570,Spectrum Playground - Educational Lessons Designed Specifically for Children with Autism and Other Developmental Delays.,Spectrum Playground,Apple App Store,iPad,Free,2014-02-24,No,Education,No,66,,0.0,0,,0.0
520808245,Understanding Faces,The Guidance Group Inc.,Apple App Store,"iPad, iPhone",Free,2012-04-26,No,"Games, Education, Educational (Games), Card (Games)",No,66,,0.0,0,,0.0
996972031,Meri Vanni-muft,Neuro Hero Limited,Apple App Store,"iPad, iPhone",Free,2015-06-02,No,"Medical, Health & Fitness",No,64,,0.0,0,,0.0
738508003,Attainment's Dollars & Cents Free,Attainment Company,Apple App Store,iPad,Free,2013-12-29,Yes,Education,No,64,,0.0,0,,0.0
1015290956,ASCmeI.T.,MyOxygen Limited,Apple App Store,"iPad, iPhone",Free,2015-07-11,No,"Education, Health & Fitness",No,63,,0.0,0,,0.0
909677827,Clifton Springs  Primary School,Touchline Connect,Apple App Store,"iPad, iPhone",Free,2014-08-29,No,Education,No,63,,0.0,0,,0.0
957211472,What Is My Face,Alexandre Eichenberger,Apple App Store,"iPad, iPhone",Free,2015-02-10,No,"Education, Entertainment",No,61,,0.0,0,,0.0
622331963,Teach My Kid,eyad ayesh,Apple App Store,iPad,Free,2013-04-19,No,"Games, Educational (Games), Education",No,60,,0.0,0,,0.0
568889062,ACE Data Entry,The New England Center for Children,Apple App Store,"iPad, iPhone",Free,2012-11-11,No,Education,No,59,,0.0,0,,0.0
960166144,SCHS,Al Nidham Al Mutatawer Informatics,Apple App Store,"iPad, iPhone",Free,2015-01-29,No,"News, Catalogs",No,57,,0.0,0,,0.0
910783832,Coloring Book for Piglet version,Artittaya Somprasong,Apple App Store,"iPad, iPhone",Free,2014-08-27,No,"Reference, Education",No,56,,0.0,0,,0.0
898469901,Best Selected Quotes,fraz khan,Apple App Store,"iPad, iPhone",Free,2014-07-19,No,"Education, Books",No,56,,0.0,0,,0.0
590226709,Robbo Time,WebTeam Corporation,Apple App Store,"iPad, iPhone",Free,2013-03-01,Yes,"Education, Health & Fitness",No,54,,0.0,0,,0.0
496821945,Mi-Stories,sempercon,Apple App Store,"iPad, iPhone",Free,2012-02-09,Yes,"Education, Books",No,53,,0.0,0,,0.0
1005458471,Visual AAC,Hearty SPIN,Apple App Store,iPad,Free,2015-11-17,No,"Medical, Education",No,53,,0.0,0,,0.0
1059544273,Choice Boards,Lukasz Wroczynski,Apple App Store,iPad,Free,2015-12-12,No,Education,No,51,,0.0,0,,0.0
486080789,Autie Aspie Life,Douglas S Sparling,Apple App Store,"iPad, iPhone",Free,2011-12-09,No,"News, Medical",No,48,,0.0,0,,0.0
776086884,Attainment's Social Success Free,Attainment Company,Apple App Store,iPad,Free,2013-12-11,Yes,Education,No,48,,0.0,0,,0.0
942030142,Coloring Book for Teen Titans - Painting Game,Wasan Wachirachart,Apple App Store,"iPad, iPhone",Free,2014-11-19,No,"Games, Education",No,48,,0.0,0,,0.0
886763972,Indiana Health Group,Kurt Snyder,Apple App Store,"iPad, iPhone",Free,2014-06-16,No,Medical,No,47,,0.0,0,,0.0
563016050,Stories of Autism,Jeff Felbeck,Apple App Store,iPad,Free,2012-10-19,No,Education,No,46,,0.0,0,,0.0
556911372,Autism Map,Sanghoon Lee,Apple App Store,"iPad, iPhone",Free,2012-09-12,No,"News, Education",No,45,,0.0,0,,0.0
545061672,iAssessNTeach School Series,WebTeam Corporation,Apple App Store,"iPad, iPhone",Free,2012-08-01,Yes,"Education, Health & Fitness",No,45,,0.0,0,,0.0
663804916,Barn Door Four: School Edition,"Learnitech, LLC",Apple App Store,iPad,Free,2013-08-01,No,"Games, Education",No,44,,0.0,0,,0.0
710634328,MojKomunikator,Miška d.o.o.,Apple App Store,"iPad, iPhone",Free,2013-10-05,No,Education,No,43,,0.0,0,,0.0
1052284553,Reading Comprehension:  Reading Skills Practice Grade 3,Janine Toole,Apple App Store,"iPad, iPhone",Free,2015-11-25,No,"Games, Education, Educational (Games), Family (Games)",No,43,,0.0,0,,0.0
573528018,Accessible Events,Above Mobile Ltd,Apple App Store,"iPad, iPhone",Free,2012-12-14,No,"Travel, Entertainment",No,42,,0.0,0,,0.0
907767509,Coloring Book for Jimmy Neutron Edition : The Adventures of Boy Genius version,Wasan Wachirachart,Apple App Store,"iPad, iPhone",Free,2014-08-15,No,"Reference, Education",No,40,,0.0,0,,0.0
1055252994,WH Questions: Answering and Asking Skill Builder,Janine Toole,Apple App Store,"iPad, iPhone",Free,2015-11-25,No,"Games, Education, Educational (Games), Family (Games)",No,40,,0.0,0,,0.0
997865360,iN2Token (Autism Token Board),Stephen Park,Apple App Store,"iPad, iPhone",Free,2015-06-03,No,"Education, Utilities",No,39,,0.0,0,,0.0
933187130,Djarmbi,Damian Amamoo,Apple App Store,iPad,Free,2015-04-21,No,"Education, Lifestyle",No,38,,0.0,0,,0.0
994513741,Paint Game for Gundam,Natthaphon Chaithamanan,Apple App Store,"iPad, iPhone",Free,2015-05-27,No,"Games, Education",No,38,,0.0,0,,0.0
625563450,Tantrum Tracker Lite,Scott Grant,Apple App Store,"iPad, iPhone",Free,2013-04-01,No,"Medical, Education",No,38,,0.0,0,,0.0
854350411,Healthcare Guide,Juan Pedro Claudio Serrano,Apple App Store,"iPad, iPhone",Free,2014-04-10,No,Health & Fitness,No,36,,0.0,0,,0.0
612578436,man,Cendana,Apple App Store,"iPad, iPhone",Free,2013-04-01,No,"Medical, Education",No,35,,0.0,0,,0.0
571838252,iTrack Client,WebTeam Corporation,Apple App Store,"iPad, iPhone",Free,2013-01-25,No,Health & Fitness,No,35,,0.0,0,,0.0
959339975,Painting Game for Furby Coloring Book Game for Kids,Jareanpong Kittiwan,Apple App Store,"iPad, iPhone",Free,2015-01-27,No,"Games, Education",No,35,,0.0,0,,0.0
595617137,QEF ebook,Quality Education Fund Secretariat,Apple App Store,iPad,Free,2013-02-15,No,Education,No,34,,0.0,0,,0.0
515776606,LD Forum,Neil Morris,Apple App Store,"iPad, iPhone",Free,2012-04-06,No,"Health & Fitness, Social Networking",No,32,,0.0,0,,0.0
688640586,The Mighty League Vol 1 - The Terrible Taunting - A Blackfish Children's Book,Customizabooks LLC,Apple App Store,"iPad, iPhone",Free,2013-09-02,No,"Games, Educational (Games), Books, Family (Games)",No,31,,0.0,86,,0.0
591359689,One 2 Color S - Autism Series,WebTeam Corporation,Apple App Store,"iPad, iPhone",Free,2013-01-26,No,"Education, Health & Fitness",No,30,,0.0,0,,0.0
878916033,Paugme,Ivan Montiel,Apple App Store,"iPad, iPhone",Free,2014-05-23,No,"Games, Education",No,30,,0.0,0,,0.0
583833994,2 Times Fun,WebTeam Corporation,Apple App Store,"iPad, iPhone",Free,2012-12-08,Yes,"Education, Health & Fitness",No,30,,0.0,0,,0.0
465189594,Autism Speaks Walk,Chorus,Apple App Store,"iPad, iPhone",Free,2011-09-21,No,"Utilities, Lifestyle",No,29,,0.0,0,,0.0
981105912,Autism_Speaks,CSM Technologies,Apple App Store,"iPad, iPhone",Free,2015-04-07,No,Social Networking,No,29,,0.0,0,,0.0
1037469787,Opti Train,Optiherence,Apple App Store,"iPad, iPhone",Free,2015-09-26,No,"Sports, Health & Fitness",No,28,,0.0,0,,0.0
990563471,Stand Out For Autism,LiveCode Ltd,Apple App Store,"iPad, iPhone",Free,2015-05-11,No,"Utilities, Photo & Video",No,27,,0.0,0,,0.0
952090932,Robots4Autism,Robokind,Apple App Store,iPad,Free,2015-01-03,No,Education,No,27,,0.0,0,,0.0
346539350,Flash Cards Game for Kids,Sascha Modersitzki,Apple App Store,"iPad, iPhone",Free,2010-01-14,No,"Games, Education, Family (Games)",No,27,,0.0,0,,0.0
956426028,Paint for Chuggington Trains (Coloring Book Game),Natthaphon Chaithamanan,Apple App Store,"iPad, iPhone",Free,2015-01-16,No,"Games, Education",No,27,,0.0,0,,0.0
567652319,Plus More,WebTeam Corporation,Apple App Store,"iPad, iPhone",Free,2013-01-07,Yes,"Education, Health & Fitness",No,26,,0.0,0,,0.0
495032459,oogie,fractallonomy,Apple App Store,"iPad, iPhone",Free,2012-04-30,No,"Music, Entertainment",No,26,,0.0,0,,0.0
657293091,Northern School For Autism,CommunityToGo Pty Ltd,Apple App Store,"iPad, iPhone",Free,2013-06-10,No,Education,No,25,,0.0,0,,0.0
780380229,Citra,Wells Foundation,Apple App Store,iPad,Free,2013-12-20,No,Education,No,25,,0.0,0,,0.0
1057442699,Learn English Vocabulary - Under The Sea - For Kids Easy To Understand Free!!,kaowrote sutapakdi,Apple App Store,"iPad, iPhone",Free,2015-11-18,No,"Education, Entertainment",No,23,,0.0,0,,0.0
932869519,TransNeur14,Elsevier Inc.,Apple App Store,"iPad, iPhone",Free,2014-10-31,No,"Education, Productivity",No,23,,0.0,0,,0.0
905749065,Stop Bullying,Xtraball,Apple App Store,"iPad, iPhone",Free,2014-08-15,No,Lifestyle,No,23,,0.0,0,,0.0
1000656122,My Little Puppy Pet - Vet Escape!,Kasim Qureshi,Apple App Store,"iPad, iPhone",Free,2015-06-12,No,"Games, Arcade (Games), Entertainment",No,22,,0.0,0,,0.0
1028975534,Color Swirl with Perk Points,Rebellion Media,Apple App Store,"iPad, iPhone",Free,2015-09-21,No,"Games, Trivia (Games), Arcade (Games), Entertainment",No,22,,0.0,0,,0.0
954147909,testimo,Pablo Alvarez,Apple App Store,"iPad, iPhone",Free,2015-01-15,No,"Education, Health & Fitness",No,22,,0.0,0,,0.0
599906958,iLNE Spell 3 - S,WebTeam Corporation,Apple App Store,"iPad, iPhone",Free,2013-04-23,No,"Education, Health & Fitness",No,21,,0.0,0,,0.0
964522339,ClearComm,Sp/f Beak,Apple App Store,"iPad, iPhone",Free,2015-02-25,No,"Productivity, Utilities",No,21,,0.0,0,,0.0
1055041988,Air Travel Sounds,Matthew Burnell,Apple App Store,"iPad, iPhone",Free,2015-11-13,No,"Travel, Lifestyle",No,20,,0.0,0,,0.0
681279657,National Autism Conference,"CrowdCompass, Inc.",Apple App Store,"iPad, iPhone",Free,2013-08-06,No,"Business, Productivity",No,19,,0.0,0,,0.0
553189737,MyFamilyNPals1,WebTeam Corporation,Apple App Store,"iPad, iPhone",Free,2012-11-06,No,"Education, Health & Fitness",No,18,,0.0,0,,0.0
604217867,HappyPad,FAD Games LLC,Apple App Store,iPad,Free,2013-02-22,Yes,"Music, Education",No,18,,0.0,0,,0.0
905442311,Stand Up Speak Out,Jabu Designs,Apple App Store,"iPad, iPhone",Free,2014-08-12,No,Education,No,18,,0.0,0,,0.0
928238347,OneVoice by PuzzlePiece,Appetizr,Apple App Store,"iPad, iPhone",Free,2014-10-18,No,Education,No,17,,0.0,0,,0.0
815160675,Autism Neighborhood,Visuals Work,Apple App Store,"iPad, iPhone",Free,2014-02-12,No,"Education, Lifestyle",No,16,,0.0,0,,0.0
833764499,Autism MidSouth,Bryan Harris,Apple App Store,"iPad, iPhone",Free,2014-03-18,No,Business,No,16,,0.0,0,,0.0
1034318912,CommunicoTool 2,C..TEXDEV,Apple App Store,iPad,Free,2015-11-04,Yes,"Medical, Education",No,16,,0.0,0,,0.0
1053226532,My Story Box,Center for Autism and Related Disorders,Apple App Store,"iPad, iPhone",Free,2015-11-17,No,"Education, Utilities",No,15,,0.0,0,,0.0
952725289,bCalm,VGM Forbin,Apple App Store,"iPad, iPhone",Free,2015-04-28,Yes,Health & Fitness,No,15,,0.0,0,,0.0
543180065,iAssessNTeach Home Series,WebTeam Corporation,Apple App Store,"iPad, iPhone",Free,2012-07-26,Yes,"Education, Health & Fitness",No,14,,0.0,0,,0.0
1015381589,Autism Village,Autism Village Foundation,Apple App Store,"iPad, iPhone",Free,2015-11-18,No,"Food & Drink, Travel",No,13,,0.0,0,,0.0
775950595,Attainment's Access Language Arts Free,Attainment Company,Apple App Store,iPad,Free,2013-12-17,Yes,"Education, Books",No,13,,0.0,0,,0.0
598392255,TeachMe Skills Platinum,Operant Systems Inc.,Apple App Store,"iPad, iPhone",Free,2013-02-25,No,"Education, Health & Fitness",No,12,,0.0,0,,0.0
583840547,Rangam Career Center,WebTeam Corporation,Apple App Store,"iPad, iPhone",Free,2012-12-17,No,Business,No,11,,0.0,0,,0.0
844028920,Dodge Eye Balls Lite,SKACEC,Apple App Store,"iPad, iPhone",Free,2014-03-27,No,"Games, Arcade (Games), Strategy (Games)",No,11,,0.0,0,,0.0
1064984910,ABAI 10th Annual Autism Conference,Association of Behavior Analysis,Apple App Store,"iPad, iPhone",Free,2015-12-10,No,Reference,No,10,,0.0,0,,0.0
959113393,MDCPS ASD,Gerardo Viera,Apple App Store,"iPad, iPhone",Free,2015-01-26,No,Education,No,10,,0.0,0,,0.0
946403124,Coloring Game for Zou,Artittaya Somprasong,Apple App Store,"iPad, iPhone",Free,2014-12-09,No,"Games, Education",No,10,,0.0,0,,0.0
980000571,HFHS Autism,InSilico LLC (MI),Apple App Store,"iPad, iPhone",Free,2015-04-03,No,"Education, Health & Fitness",No,9,,0.0,0,,0.0
995283980,Sticker Steve and Sasha Basic Emotions Lite,Paul Johnson,Apple App Store,iPad,Free,2015-05-30,No,"Education, Entertainment",No,9,,0.0,0,,0.0
395336979,SymTrend Sleep,"SymTrend, Inc.",Apple App Store,"iPad, iPhone",Free,2010-10-15,No,"Education, Health & Fitness",No,9,,0.0,0,,0.0
930348830,Inspire by The Autism Site,Greater Good Network,Apple App Store,"iPad, iPhone",Free,2015-02-19,No,"Education, Lifestyle",No,8,,0.0,0,,0.0
919101009,1 on 1: Communicate Easy - Autism App for iPad,Pluja Apps Limited,Apple App Store,iPad,Free,2015-12-12,No,"Medical, Education",No,8,,0.0,0,,0.0
843714846,Autismtc,Isaac Perach,Apple App Store,"iPad, iPhone",Free,2014-03-29,No,"Medical, Education",No,8,,0.0,0,,0.0
457496126,Flashables 50 日本語 Audio,Hotsource ESD,Apple App Store,"iPad, iPhone",Free,2011-08-22,No,"Reference, Education",No,8,,0.0,0,,0.0
680713215,ILT2014 Conference,"CrowdCompass, Inc.",Apple App Store,"iPad, iPhone",Free,2013-08-03,No,"Education, Business",No,8,,0.0,0,,0.0
662048315,Trace the Dots,WebTeam Corporation,Apple App Store,"iPad, iPhone",Free,2013-07-06,Yes,Games,No,7,,0.0,0,,0.0
842702591,Chroma Cat,Richard Hurley,Apple App Store,"iPad, iPhone",Free,2014-03-24,No,"Games, Arcade (Games), Adventure (Games)",No,7,,0.0,0,,0.0
1040213316,School Words 1: Learn Core Words in Context for Improved Comprehension for Elementary Students,Janine Toole,Apple App Store,"iPad, iPhone",Free,2015-11-02,No,"Education, Entertainment",No,7,,0.0,0,,0.0
982757711,Turnabout For Autism,"KitApps, Inc.",Apple App Store,"iPad, iPhone",Free,2015-04-08,No,"Business, Lifestyle",No,6,,0.0,0,,0.0
786710687,Kev's Autism Campaign,hcetech,Apple App Store,"iPad, iPhone",Free,2013-12-31,No,"News, Reference",No,6,,0.0,0,,0.0
608809328,Giants of the Bay,Free Apps Pty Ltd,Apple App Store,"iPad, iPhone",Free,2013-03-02,No,"Sports, Health & Fitness",No,6,,0.0,0,,0.0
982143199,Pediatric Advice Dr Knapp,Infinite Monkeys,Apple App Store,"iPad, iPhone",Free,2015-04-19,No,Education,No,6,,0.0,0,,0.0
997824791,NDSC Convention 2015,DoubleDutch,Apple App Store,"iPad, iPhone",Free,2015-05-28,No,Productivity,No,6,,0.0,0,,0.0
858712977,Autism NSW,"Loyakk, Inc.",Apple App Store,"iPad, iPhone",Free,2014-04-14,No,"Utilities, Social Networking",No,5,,0.0,0,,0.0
930420672,AutismCodes,Richard Zajac,Apple App Store,"iPad, iPhone",Free,2014-11-07,No,News,No,4,,0.0,0,,0.0
1015436042,Sparkle Sheffield,Piota,Apple App Store,"iPad, iPhone",Free,2015-07-25,No,"News, Education",No,4,,0.0,0,,0.0
1029595954,College Transitions,Justin Ehrlich,Apple App Store,iPad,Free,2015-08-18,No,Education,No,4,,0.0,0,,0.0
943413023,Boy Genius Coloring Book (Jimmy Neutron Version),Natthaphon Chaithamanan,Apple App Store,"iPad, iPhone",Free,2014-11-22,No,"Games, Education",No,3,,0.0,0,,0.0
957304394,Art to Heart - iPhone,cccdi ltd.,Apple App Store,"iPad, iPhone",Free,2015-01-19,No,Lifestyle,No,3,,0.0,0,,0.0
911917065,Portia Pro Inc.,PortiaPro Inc.,Apple App Store,"iPad, iPhone",Free,2014-09-19,No,"Education, Health & Fitness",No,3,,0.0,0,,0.0
919421146,ITASD,Arcadia Consulting,Apple App Store,"iPad, iPhone",Free,2014-09-25,No,Entertainment,No,2,,0.0,0,,0.0
1007999654,Making Friends,Positive Partnerships,Apple App Store,"iPad, iPhone",Free,2015-07-07,No,Education,No,2,,0.0,0,,0.0
990983946,Centrale Zorg Groep .NL,Gerrit Rijn,Apple App Store,"iPad, iPhone",Free,2015-05-09,No,Business,No,2,,0.0,0,,0.0
501936653,NOCOA,NAIST,Apple App Store,iPad,Free,2012-02-16,No,Education,No,2,,0.0,0,,0.0
973831783,Coloring Game for Yu-Gi-Oh! and Friends,Nutthawat Thathun,Apple App Store,"iPad, iPhone",Free,2015-03-12,No,"Games, Education",No,2,,0.0,0,,0.0
944923212,Coloring Game for Waybuloo,Warunee Kongtoom,Apple App Store,"iPad, iPhone",Free,2014-12-03,No,"Games, Education",No,2,,0.0,0,,0.0
951644342,MOMZY,"Momzy, Inc.",Apple App Store,"iPad, iPhone",Free,2014-12-29,No,"Health & Fitness, Social Networking",No,1,,0.0,0,,0.0
931490076,Lowcountry Autism,Refresh Mobile Ltd,Apple App Store,"iPad, iPhone",Free,2014-10-28,No,Medical,No,0,,0.0,0,,0.0
672727851,RUN FOR AUTISM,Artez Interactive,Apple App Store,"iPad, iPhone",Free,2013-08-02,No,"Medical, Health & Fitness",No,0,,0.0,0,,0.0
935764088,Hearts and Minds,Tobit.Software,Apple App Store,"iPad, iPhone",Free,2014-11-08,No,Lifestyle,No,0,,0.0,0,,0.0
878763132,Artistas World,Stanley Crews,Apple App Store,"iPad, iPhone",Free,2014-05-20,No,Business,No,0,,0.0,0,,0.0
952822774,AFPWA Mobile,"Comparatio USA, LLC",Apple App Store,"iPad, iPhone",Free,2015-01-14,No,Business,No,0,,0.0,0,,0.0
991347863,Isaac Foundation,Alex Branning,Apple App Store,"iPad, iPhone",Free,2015-05-03,No,Business,No,0,,0.0,0,,0.0
976975110,FocusEdu,Adam Sobol,Apple App Store,"iPad, iPhone",Free,2015-06-29,No,Education,No,0,,0.0,0,,0.0
625766234,A Kids Game,Gerry Brown,Apple App Store,iPad,Free,2013-04-05,Yes,"Games, Educational (Games)",No,0,,0.0,0,,0.0
911105014,ASD Kids Trust,Untold Possibilities,Apple App Store,"iPad, iPhone",Free,2014-08-30,No,Education,No,0,,0.0,0,,0.0
989722997,Pacific Quest (Professional),Kellyn Smythe,Apple App Store,"iPad, iPhone",Free,2015-05-07,No,Social Networking,No,0,,0.0,0,,0.0
882988002,Shoperone: Assisting with Grocery Shopping,Jackson13.info,Apple App Store,iPad,Free,2014-06-09,No,"Food & Drink, Education",No,0,,0.0,0,,0.0
777794885,Coloriffic,Northern World Entertainment Software,Apple App Store,iPad,Free,2013-12-19,No,"Games, Educational (Games), Education, Family (Games)",No,0,,0.0,0,,0.0
983651026,Mamoru Pack,WELFARE AND ART SUPPORT ASSOCIATION,Apple App Store,iPad,Free,2015-04-17,No,"Education, Utilities",No,0,,0.0,0,,0.0
1012310823,Painting Game for Zhu Zhu Pets (Coloring Book),Chamlong Chankham,Apple App Store,"iPad, iPhone",Free,2015-07-02,No,"Games, Education",No,0,,0.0,0,,0.0
969792415,Coloring Game for Dalmatians,Chamlong Chankham,Apple App Store,"iPad, iPhone",Free,2015-03-01,No,"Games, Education",No,0,,0.0,0,,0.0
881972374,Gretton School,B60 LTD,Apple App Store,"iPad, iPhone",Free,2014-06-04,No,Lifestyle,No,0,,0.0,0,,0.0
645391520,VidCoach,Tiwahe Technology,Apple App Store,"iPad, iPhone",Free,2013-05-10,No,"Education, Productivity",No,0,,0.0,0,,0.0
802148106,Whole Brain Alphabet Puzzle App - A E,Whole Brain Edutainment,Apple App Store,"iPad, iPhone",Free,2014-01-28,No,"Games, Education, Educational (Games), Family (Games)",No,0,,0.0,0,,0.0
979879742,Writing CLAW,Refresh Mobile Ltd,Apple App Store,"iPad, iPhone",Free,2015-04-02,No,Business,No,0,,0.0,0,,0.0
428864661,PocketAAC,WJApp,Apple App Store,"iPad, iPhone",Free,2011-04-13,No,"Medical, Education",No,0,,0.0,0,,0.0
961194974,GoalPlanDo,Schenectady ARC,Apple App Store,"iPad, iPhone",Free,2015-02-04,No,"Education, Productivity",No,0,,0.0,0,,0.0
987047235,Autism Solutions,Raagaa Value Add Technologies Private Limited,Apple App Store,"iPad, iPhone",Free,2016-04-29,No,"Education, Health & Fitness",No,,,0.0,,,0.0
1096922638,Autism FYI,QuickPro Mobile Apps,Apple App Store,"iPad, iPhone",Free,2016-04-11,No,Medical,No,,,0.0,,,0.0
1089994899,Avaz AAC App for Autism,"Avaz, Inc.",Apple App Store,iPad,Free,2016-05-26,No,Education,No,,,0.0,,,0.0
1045076542,Aiko & Egor: Animation 4 Autism,"See Beneath, Inc",Apple App Store,"iPad, iPhone",Free,2015-12-01,No,Education,No,,,0.0,,,0.0
1095401267,The Aspect Autism in Education Conference 2016,Invisage Group Pty Ltd,Apple App Store,"iPad, iPhone",Free,2016-03-24,No,Reference,No,,,0.0,,,0.0
1065012646,Autism Core Skills - Academic Communication and Social Skills Plus Data,Infiniteach Inc,Apple App Store,iPad,Free,2016-01-05,Yes,"Medical, Education",No,,,0.0,,,0.0
1114879372,Color Page Game Max And Ruby Autism Edition,Hana Shi,Apple App Store,"iPad, iPhone",Free,2016-05-20,No,"Games, Educational (Games), Action (Games), Entertainment",No,,,0.0,,,0.0
1104945378,MAIN Autism App,MAIN Teesside,Apple App Store,"iPad, iPhone",Free,2016-05-05,No,Utilities,No,,,0.0,,,0.0
1067863932,Cooperation Station : Autism Teamwork Trainer,Roger Newman-Norlund,Apple App Store,iPad,Free,2016-01-11,No,"Education, Entertainment",No,,,0.0,,,0.0
1117455191,Autism TMI Virtual Reality Experience,Happy Finish LTD,Apple App Store,"iPad, iPhone",Free,2016-05-26,No,Education,Yes,,,0.0,,,0.0
1077826452,Connect by Hoom House: online autism therapists,"Hoom House, LLC",Apple App Store,"iPad, iPhone",Free,2016-01-29,No,"Medical, Education",No,,,0.0,,,0.0
1082919693,The Un-Prescription for Autism - Schedule Daily Protocols and Routines to aid in Autism Treatment,Janet Lintala,Apple App Store,"iPad, iPhone",Free,2016-02-20,No,"Medical, Health & Fitness",No,,,0.0,,,0.0
1046968503,Autiknow Academy,"Technology for Autism Now, Inc",Apple App Store,iPad,Free,2015-11-11,No,Education,No,,,0.0,,,0.0
1046669361,Rethink BH,Rethink Autism,Apple App Store,"iPad, iPhone",Free,2015-10-29,No,"Education, Lifestyle",No,,,0.0,,,0.0
1058669141,ASDetect,La Trobe University,Apple App Store,"iPad, iPhone",Free,2016-02-12,No,"Medical, Education",No,,,0.0,,,0.0
1097250918,Pecs App,omar suliman,Apple App Store,"iPad, iPhone",Free,2016-04-01,No,"Education, Lifestyle",No,,,0.0,,,0.0
1105701548,INSAR,Favequest,Apple App Store,"iPad, iPhone",Free,2016-04-23,No,Business,No,,,0.0,,,0.0
1085028559,SSOE,Concapps B.V.,Apple App Store,"iPad, iPhone",Free,2016-02-20,No,"Education, Business",No,,,0.0,,,0.0
1051332455,Assist Helpt,Assist Helpt,Apple App Store,"iPad, iPhone",Free,2016-01-15,No,"Health & Fitness, Productivity",No,,,0.0,,,0.0
1118672101,Kids Animals Jigsaw Puzzle World,Aibao Yao,Apple App Store,"iPad, iPhone",Free,2016-06-01,No,"Games, Educational (Games), Education, Family (Games)",No,,,0.0,,,0.0
1096206125,Tell Me Colors,Pooja Kumar,Apple App Store,"iPad, iPhone",Free,2016-03-29,No,Education,No,,,0.0,,,0.0
1030111507,Let's Face It! Scrapbook,Carte,Apple App Store,iPad,Free,2016-02-06,No,"Education, Lifestyle",No,,,0.0,,,0.0
971299376,HFHS Particles,InSilico LLC (MI),Apple App Store,"iPad, iPhone",Free,2016-04-10,No,"Education, Health & Fitness",No,,,0.0,,,0.0
1080409897,It's Break Time,Lampos Solutions,Apple App Store,"iPad, iPhone",Free,2016-02-27,No,"Utilities, Entertainment",No,,,0.0,,,0.0
1116470369,Melodic Based Communication Therapy - Level 2,Givona Sandiford,Apple App Store,"iPad, iPhone",Free,2016-06-01,No,"Medical, Education",Yes,,,0.0,,,0.0
1065885993,TSARA,CREAI Aquitaine,Apple App Store,"iPad, iPhone",Free,2016-04-07,No,"Games, Trivia (Games), Education, Educational (Games)",No,,,0.0,,,0.0
1106637741,Paint and Draw Kids Coloring Game for Octonauts Edition,Thawatchai Bunsuwun,Apple App Store,"iPad, iPhone",Free,2016-04-25,No,"Games, Educational (Games), Family (Games)",No,,,0.0,,,0.0
933022608,PEERS Norms,Murdoch Childrens Research Institute,Apple App Store,iPad,Free,2016-05-03,No,"Medical, Health & Fitness",No,,,0.0,,,0.0
1060115001,Birdhouse – for Special Education Teachers,Birdhouse LLC,Apple App Store,"iPad, iPhone",Free,2016-01-11,No,"Education, Productivity",No,,,0.0,,,0.0
1083474886,Car Trucks Kids Coloring Book,Muhammad Awais Salim,Apple App Store,"iPad, iPhone",Free,2016-02-16,No,Education,No,,,0.0,,,0.0
1006269350,Northern Light Pharma News,"Northern Light Group, LLC",Apple App Store,"iPad, iPhone",Free,2016-02-11,No,"News, Business",No,,,0.0,,,0.0
1112861562,Solitaire Rewards,Rebellion Media,Apple App Store,"iPad, iPhone",Free,2016-06-09,No,"Games, Card (Games)",No,,,0.0,,,0.0
1047355788,Rewards Reader,Rebellion Media,Apple App Store,"iPad, iPhone",Free,2015-11-10,No,"Utilities, Entertainment",No,,,0.0,,,0.0
1072831946,Menu Assist,Takes Time LLC,Apple App Store,"iPad, iPhone",Free,2016-04-12,No,"Food & Drink, Productivity",Yes,,,0.0,,,0.0
1112604707,Sequence of Events - Sequencing Cards for Kids,Innovative Mobile Apps,Apple App Store,"iPad, iPhone",Free,2016-05-12,No,"Games, Education, Educational (Games), Family (Games)",No,,,0.0,,,0.0
1086615688,Monster Trucks Kids - Free Kids Finger Painting,Muhammad Awais,Apple App Store,"iPad, iPhone",Free,2016-02-29,No,Education,No,,,0.0,,,0.0
1083385697,Cars Colouring book for kids - Free Fingerpaint Book for Kids,Muhammad Awais Salim,Apple App Store,"iPad, iPhone",Free,2016-02-15,No,Education,No,,,0.0,,,0.0
1102131518,Easy Typing,Pooja Kumar,Apple App Store,iPad,Free,2016-04-19,No,Education,No,,,0.0,,,0.0
1094758347,The Fluffs are moving houses,Santiago Gonzalez Rua,Apple App Store,iPad,Free,2016-03-29,No,"Education, Books",No,,,0.0,,,0.0
1022079119,Accessible Literacy Learning Lite,Tobii Dynavox LLC,Apple App Store,iPad,Free,2015-10-10,No,Education,No,,,0.0,,,0.0
1061298773,VB-MAPP,Marz Consulting Inc.,Apple App Store,"iPad, iPhone",Free,2016-04-14,Yes,"Medical, Education",No,,,0.0,,,0.0
1035238624,Brain Rush with Perk Points,Rebellion Media,Apple App Store,"iPad, iPhone",Free,2015-09-22,No,"Games, Music, Arcade (Games), Puzzle (Games)",No,,,0.0,,,0.0
1062536765,DrOmnibus Preschool,DrOmnibus,Apple App Store,iPad,Free,2016-02-18,No,"Medical, Education",No,,,0.0,,,0.0
1105199987,iBrushTeeth SS,Kensei Ikeda,Apple App Store,iPad,Free,2016-04-21,No,"Education, Health & Fitness",No,,,0.0,,,0.0
1086463128,BW Story App,Books Beyond Words,Apple App Store,"iPad, iPhone",Free,2016-05-05,No,"Education, Books",No,,,0.0,,,0.0
1107670308,Board Communicator - AAC Speech Aid,Innovative Investments Limited,Apple App Store,"iPad, iPhone",Free,2016-06-03,No,"Education, Utilities",Yes,,,0.0,,,0.0
1080258925,Reading Fluency Builder: Improve Kids Reading Speed for Better Comprehension Grades 2-5,Janine Toole,Apple App Store,"iPad, iPhone",Free,2016-02-19,Yes,"Games, Education, Educational (Games), Family (Games)",No,,,0.0,,,0.0
1063226624,PRIMA,Bernie Endyarni,Apple App Store,"iPad, iPhone",Free,2016-01-07,No,"Medical, Health & Fitness",No,,,0.0,,,0.0
1075645729,Verb Expert!  Skill Building Practice for Past Present Future & Present Progressive Tense,Janine Toole,Apple App Store,"iPad, iPhone",Free,2016-02-17,No,"Games, Education, Educational (Games)",No,,,0.0,,,0.0
1068249421,Photo album creator - Make kids book with pictures sound and text to tell a story,Kidstatic Apps ApS,Apple App Store,"iPad, iPhone",Free,2016-03-08,No,"Games, Education, Educational (Games), Family (Games)",No,,,0.0,,,0.0
1088682771,WeFeel - Emotional Fitness,WeFeel Inc.,Apple App Store,"iPad, iPhone",Free,2016-03-23,No,Health & Fitness,No,,,0.0,,,0.0
1050927812,Peppy Pals - Reggy's Play Date,Peppy Pals AB,Apple App Store,"iPad, iPhone",Free,2016-01-28,No,"Games, Education, Educational (Games), Family (Games)",No,,,0.0,,,0.0
1038913148,Living Buddy,Living IT Lab,Apple App Store,"iPad, iPhone",Free,2015-11-18,No,"Education, Health & Fitness",No,,,0.0,,,0.0
1100860606,Conversation Planner: Social Skills Basics for Special Kids,Janine Toole,Apple App Store,"iPad, iPhone",Free,2016-05-26,No,"Games, Education, Educational (Games)",No,,,0.0,,,0.0
1110649276,Real Jigsaw Puzzles - Amazing Brain Training Jigsaws,Marko Petkovic,Apple App Store,"iPad, iPhone",Free,2016-05-09,Yes,"Games, Puzzle (Games)",No,,,0.0,,,0.0
1062416695,Reading Comprehension Grade 4: Skill Development and Practice,Janine Toole,Apple App Store,"iPad, iPhone",Free,2016-01-29,No,"Games, Education, Educational (Games), Family (Games)",No,,,0.0,,,0.0
