444722625,Toddler Kids Puzzles Puzzingo – Educational Learning Games,"77Sparx Studio, Inc.",Apple App Store,"iPad, iPhone",Free,2011-07-05,Yes,"Games, Education, Educational (Games), Puzzle (Games)",Yes,1924383,,0.0,586431,,0.0
574646459,快眠の森〜寝言を解析します〜,ASD Corporation,Apple App Store,"iPad, iPhone",Free,2012-12-08,No,"Health & Fitness, Lifestyle",No,123076,,0.0,0,,0.0
com.greyolltwit.atm,ATM,Grey Olltwit Software,Google Store,All,Free,2014-08-16,No,Educational (Games),No,105614,,0.0,0,,0.0
324548638,ASD Roulette New,ASD Soft,Apple App Store,"iPad, iPhone",Free,2009-08-04,Yes,"Games, Casino (Games), Card (Games), Entertainment",No,51285,,0.0,55596,,0.0
com.greyolltwit.addersnladders,ADDers and Ladders,Grey Olltwit Software,Google Store,All,Free,2014-08-29,No,Board (Games),No,36526,,0.0,0,,0.0
374937863,Safe Sex,ASD Soft,Apple App Store,"iPad, iPhone",Free,2010-06-03,No,"Medical, Health & Fitness",No,26758,,0.0,0,,0.0
932236332,Todo Number Matrix: Brain teasers logic puzzles and mathematical reasoning for kids,"Enuma, Inc.",Apple App Store,"iPad, iPhone",Paid,2014-11-19,No,"Games, Education, Educational (Games), Family (Games)",Yes,26717,,0.0,15256,,0.0
375548744,ASD American Roulette Lite,ASD Soft,Apple App Store,"iPad, iPhone",Free,2010-06-04,No,"Games, Casino (Games), Card (Games), Entertainment",No,20968,,0.0,0,,0.0
534474370,GSA PRO,Perception Digital Limited,Apple App Store,"iPad, iPhone",Free,2012-06-19,No,"Sports, Health & Fitness",No,20035,,0.0,0,,0.0
com.androbros.wordsearchespanol,Búsqueda de Palabras,Androbros,Google Store,All,Free,2014-02-05,No,Word (Games),No,19022,,0.0,0,,0.0
de.appnotize.letmetalk,LetMeTalk: Free AAC Talker,Appnotize UG,Google Store,All,Free,2014-09-25,Yes,Medical,No,15891,,0.0,119,,0.0
340847433,ASD Poker Lite,ASD Soft,Apple App Store,"iPad, iPhone",Free,2009-11-25,No,"Games, Casino (Games), Card (Games), Entertainment",No,15177,,0.0,0,,0.0
537549983,iSEQUENCES LITE,Fundación Planeta Imaginario,Apple App Store,iPad,Free,2012-07-09,No,"Games, Education, Educational (Games)",No,14954,,0.0,0,,0.0
com.greyolltwit.dinohunt,Dinosaur Hunt,Grey Olltwit Software,Google Store,All,Free,2014-08-19,No,Educational (Games),No,13016,,0.0,0,,0.0
605799337,Happy Geese,Appically,Apple App Store,iPad,Free,2013-04-01,Yes,"Games, Education, Dice (Games)",No,11313,,0.0,2180,,0.0
495848904,iTouchiLearn Feelings for Preschool Kids Free,Staytoooned,Apple App Store,"iPad, iPhone",Free,2012-01-25,Yes,"Games, Education, Educational (Games)",No,10696,,0.0,0,,0.0
318934877,ASD Roulette 2,ASD Soft,Apple App Store,"iPad, iPhone",Paid,2009-06-28,No,"Games, Casino (Games), Card (Games), Entertainment",No,10282,,0.0,6584,,0.0
com.sagemilk.AnimalAnatomy,Animal Anatomy and Physiology,SageMilk,Google Store,All,Paid,2012-11-05,No,Medical,No,9896,,0.0,18694,,0.0
533976433,Cause and Effect Sensory Light Box,Cognable,Apple App Store,"iPad, iPhone",Paid,2012-06-19,No,"Games, Education, Educational (Games), Family (Games)",No,9680,,0.0,24111,,0.0
919990138,LetMeTalk,AppNotize UG (haftungsbeschraenkt),Apple App Store,"iPad, iPhone",Free,2014-10-19,No,"Medical, Education",No,9643,,0.0,0,,0.0
air.com.didacticapps.alexordena,Alex learns to sort,Didactic Apps,Google Store,All,Paid,2014-05-01,No,Educational (Games),No,9535,,0.0,21214,,0.0
com.didacticsapps.premiun2.alexaprendeavestirse,Alex learns how to dress Full,Didactic Apps,Google Store,All,Paid,2014-07-30,No,Educational (Games),No,8011,,0.0,26869,,0.0
506624913,iSEQUENCES,Fundación Planeta Imaginario,Apple App Store,iPad,Paid,2012-05-22,No,"Education, Entertainment",No,7869,,0.0,19907,,0.0
444087388,Touch & Say,Interbots,Apple App Store,iPad,Free,2011-06-30,No,"Education, Entertainment",No,7438,,0.0,0,,0.0
738433768,Expanding Language,"Special Learning, Inc.",Apple App Store,"iPad, iPhone",Paid,2013-11-13,No,"Education, Productivity",No,6539,,0.0,758,,0.0
666462848,Todo Telling Time,"Enuma, Inc.",Apple App Store,"iPad, iPhone",Paid,2013-10-24,No,"Education, Entertainment",Yes,6042,,0.0,20711,,0.0
478527813,Autism Tracker Lite: Track analyze and share ASD daily,"Track & Share Apps, LLC",Apple App Store,"iPad, iPhone",Free,2011-11-17,No,"Medical, Education",No,5714,,0.0,0,,0.0
597343443,爱菜单 HD,彩旦科技,Apple App Store,"iPad, iPhone",Free,2013-02-02,No,"Food & Drink, Business",No,5376,,0.0,0,,0.0
938247956,This for That: Visual Schedules,Center for Autism and Related Disorders,Apple App Store,"iPad, iPhone",Free,2014-11-13,No,"Education, Productivity",No,5320,,0.0,0,,0.0
833885177,Sensory Processing Therapy - tool to help parents manage sensory diet & home programs,SensoryTreat Ltd,Apple App Store,"iPad, iPhone",Free,2014-03-16,Yes,"Medical, Health & Fitness",No,4847,,0.0,896,,0.0
682571868,ChooseIt! Maker 3,Inclusive Technology Ltd,Apple App Store,iPad,Free,2013-09-17,No,"Games, Education, Educational (Games)",No,4749,,0.0,0,,0.0
578206583,ASD Tools,Chestnut Apps,Apple App Store,"iPad, iPhone",Paid,2012-12-10,Yes,"Medical, Education",No,4474,,0.0,3682,,0.0
589392815,Farmface Geo Assistent,HELM-Software,Apple App Store,"iPad, iPhone",Paid,2013-01-04,No,"Business, Productivity",No,4388,,0.0,39063,,0.0
792053961,LocalWind,gian luca muccioli,Apple App Store,"iPad, iPhone",Free,2014-01-09,No,"Utilities, Weather",No,4251,,0.0,0,,0.0
org.greyolltwit.dinohunt,Dinosaur Hunt,Grey Olltwit Educational Software,Google Store,All,Paid,2014-02-06,No,Educational (Games),No,3970,,0.0,3909,,0.0
702790535,Alex learns how to dress,Didactic Apps,Apple App Store,"iPad, iPhone",Free,2013-12-17,Yes,"Education, Health & Fitness",No,3848,,0.0,3218,,0.0
com.forecomm.pacificpeche,Pacific Pêche,ASD INTERNATIONAL,Google Store,All,Free,2015-11-05,No,Shopping,No,3778,,0.0,0,,0.0
487500508,ASD Mobile,Answering Service for Directors,Apple App Store,"iPad, iPhone",Free,2011-12-12,No,"Business, Productivity",No,3643,,0.0,0,,0.0
org.greyolltwit.wordsearch,Word Search,Grey Olltwit Educational Software,Google Store,All,Paid,2014-09-29,No,Educational (Games),No,3526,,0.0,3468,,0.0
932337109,Touch and Speak: Autism Communication Tool and Methods of Speech Development for Kids with Special Needs,Indigo Kids,Apple App Store,iPad,Free,2015-01-08,Yes,"Games, Education, Educational (Games), Family (Games)",No,3429,,0.0,0,,0.0
apphouse.software.autismspeaks,AAC Autism myVoiceCommunicator,AppHouse Software,Google Store,All,Paid,2013-11-14,No,Education,No,3406,,0.0,10601,,0.0
943365400,PictureRoutines,ZelfstandigmetZorg B.V.,Apple App Store,"iPad, iPhone",Free,2014-12-04,No,Health & Fitness,No,3404,,0.0,0,,0.0
it.cumulus.mrasp,RASP Windgrams Viewer,Andrea Barcellona,Google Store,All,Free,2014-08-29,No,Weather,No,3382,,0.0,0,,0.0
883657959,Receptive Colours,Chatterbox,Apple App Store,iPad,Paid,2014-06-06,No,"Education, Utilities",No,3316,,0.0,584,,0.0
907100287,Token Economy,Chatterbox,Apple App Store,iPad,Paid,2014-08-14,No,"Education, Utilities",No,3256,,0.0,2366,,0.0
967040708,This for That: Token Store,Center for Autism and Related Disorders,Apple App Store,"iPad, iPhone",Free,2015-03-04,No,"Education, Productivity",No,2849,,0.0,0,,0.0
asdstart.palleinrete2014,Palle In Rete Calcio,Asd Start SS,Google Store,All,Free,2014-09-22,No,Sports,No,2751,,0.0,0,,0.0
575608215,Clicker Docs,Crick Software,Apple App Store,iPad,Paid,2012-12-12,No,Education,Yes,2692,,0.0,54639,,0.0
com.sensorytreat.sensorytreat,Sensory Processing Therapy,SensoryTreat,Google Store,All,Free,2014-08-29,Yes,Medical,No,2515,,0.0,1991,,0.0
962149585,ASD March,Sherpa Solutions,Apple App Store,"iPad, iPhone",Free,2015-02-16,No,Business,No,2493,,0.0,0,,0.0
com.CurlyHair.EmotionCardsGame.android,The CHP Emotion Card Game,Alis Rowe,Google Store,All,Paid,2014-09-12,No,Casual (Games),No,2429,,0.0,7805,,0.0
pel.rde.heephong,語你同行,協康會 Heep Hong Society,Google Store,All,Free,2013-07-03,No,Education,No,2244,,0.0,0,,0.0
571888963,AbaPlanet,Fundación Planeta Imaginario,Apple App Store,iPad,Free,2013-07-29,Yes,Education,No,2210,,0.0,0,,0.0
348576875,Stories2Learn,MDR,Apple App Store,"iPad, iPhone",Paid,2010-01-05,No,"Education, Lifestyle",Yes,2082,,0.0,18879,,0.0
com.dhomes.steel,[steel shapes] - AISC,David Homes,Google Store,All,Paid,2013-07-26,No,Books and Reference,No,2029,,0.0,7905,,0.0
com.mgl.LocalWind,LocalWind,M.G.L.67,Google Store,All,Free,2014-08-29,No,Weather,No,2009,,0.0,0,,0.0
891557591,Children with Autism & Disability – a parent guide,Raising Children Network,Apple App Store,"iPad, iPhone",Free,2014-06-26,No,Education,No,1991,,0.0,0,,0.0
320954171,[steel shapes],David Homes,Apple App Store,"iPad, iPhone",Paid,2009-07-07,No,"Reference, Education",No,1956,,0.0,6735,,0.0
org.greyolltwit.numberlines,Number Lines,Grey Olltwit Educational Software,Google Store,All,Paid,2014-06-17,No,Educational (Games),No,1954,,0.0,1932,,0.0
693895523,minminミエル,ASD Corporation,Apple App Store,iPad,Free,2013-09-12,No,"Health & Fitness, Lifestyle",No,1788,,0.0,0,,0.0
com.ik.autism_rfc1034identifier,Touch and Speak: Autism AAC,Indigo Kids,Google Store,All,Free,2014-12-17,Yes,Educational (Games),No,1782,,0.0,1054,,0.0
com.pd.gsapro,GSA PRO,Perception Digital Limited,Google Store,All,Free,2014-08-29,No,Sports,No,1764,,0.0,0,,0.0
684205760,Ola Mundo Messenger - Safe chat for non-verbal kids,Ola Mundo,Apple App Store,"iPad, iPhone",Free,2013-11-09,Yes,"Education, Social Networking",No,1743,,0.0,0,,0.0
715822409,Autistic Spectrum Digest,Shan Williams,Apple App Store,"iPad, iPhone",Paid,2013-10-15,Yes,"Magazines & Newspapers, Lifestyle",No,1726,,0.0,610,,0.0
686934049,Voice Meter Pro,Peter Andrews,Apple App Store,"iPad, iPhone",Paid,2013-08-18,No,"Games, Education",No,1698,,0.0,2924,,0.0
489558243,Little Red Riding Hood - The Interactive Story,ASD Soft,Apple App Store,"iPad, iPhone",Paid,2011-12-18,No,"Books, Entertainment",No,1681,,0.0,1099,,0.0
580776079,語你同行,協康會,Apple App Store,iPad,Free,2012-12-10,No,Education,No,1678,,0.0,0,,0.0
org.greyolltwit.addersnladders,ADDers and Ladders,Grey Olltwit Educational Software,Google Store,All,Paid,2014-09-09,No,Board (Games),No,1665,,0.0,1539,,0.0
488600306,My Day With WH Words - A Social Story and Beginning Speech Tool,Touch Autism,Apple App Store,"iPad, iPhone",Paid,2011-12-21,No,"Education, Lifestyle",No,1647,,0.0,3276,,0.0
565022507,Go Go Games,"Go Go Games Studios, LLC",Apple App Store,iPad,Paid,2012-10-04,No,"Games, Education, Educational (Games)",Yes,1602,,0.0,4255,,0.0
376788010,[steel shapes] hd,David Homes,Apple App Store,iPad,Paid,2010-06-22,No,"Reference, Education",No,1576,,0.0,5222,,0.0
com.nihill.hemocalc,CathCalc,Michael Nihill,Google Store,All,Paid,2012-05-11,No,Medical,No,1574,,0.0,2947,,0.0
487364947,iTouchiLearn Feelings for Preschool Kids,Staytoooned,Apple App Store,"iPad, iPhone",Paid,2011-12-15,No,"Games, Education, Educational (Games)",No,1561,,0.0,2009,,0.0
org.greyolltwit.hangman,Hangman,Grey Olltwit Educational Software,Google Store,All,Paid,2014-05-15,No,Educational (Games),No,1537,,0.0,1437,,0.0
467303313,Autism 5-Point Scale EP,Minnesota Governor's Council on Developmental Disabilities,Apple App Store,"iPad, iPhone",Free,2011-10-05,No,"Education, Health & Fitness",No,1531,,0.0,0,,0.0
528569793,Communicate Easy - Autism App for iPad for Special Needs Communication,Pluja Apps Limited,Apple App Store,iPad,Paid,2012-07-17,No,"Medical, Education",No,1527,,0.0,4161,,0.0
1004394287,Deluxe Me,Elastic Stone GmbH & Co. KG,Apple App Store,"iPad, iPhone",Paid,2015-09-11,Yes,"Music, Entertainment",No,1525,,0.0,57,,0.0
686982582,Brainy Skills Synonyms and Antonyms,"A Brainy Choice, Inc.",Apple App Store,"iPad, iPhone",Paid,2013-08-14,No,"Games, Trivia (Games), Education, Educational (Games)",No,1457,,0.0,1010,,0.0
976601528,Absolute Five,ASD Absolute Five,Apple App Store,"iPad, iPhone",Free,2015-03-20,No,Sports,No,1419,,0.0,0,,0.0
513342158,SIGN Autism Patient Guide,SIGN Executive,Apple App Store,"iPad, iPhone",Free,2012-03-30,No,"Medical, Reference",No,1376,,0.0,0,,0.0
com.absolute5.it,Absolute Five,ASD Absolute Five,Google Store,All,Free,2015-03-19,No,Sports,No,1352,,0.0,0,,0.0
1020290425,Autism Therapy with MITA,ImagiRation LLC,Apple App Store,"iPad, iPhone",Free,2015-09-12,No,"Games, Education, Educational (Games), Word (Games)",No,1348,,0.0,0,,0.0
338997585,ASD Poker,ASD Soft,Apple App Store,"iPad, iPhone",Paid,2009-11-14,No,"Games, Casino (Games), Card (Games), Entertainment",No,1318,,0.0,897,,0.0
902853399,ASD Unit Converter,Kyin Lin,Apple App Store,"iPad, iPhone",Free,2014-07-30,No,Education,No,1235,,0.0,0,,0.0
523056642,Emotion Detective,InGenius Labs / Brooke Purslowe Psychology,Apple App Store,iPad,Paid,2012-05-13,No,Education,No,1235,,0.0,5604,,0.0
911687667,minminミエルV,ASD Corporation,Apple App Store,iPad,Free,2014-09-22,No,"Health & Fitness, Lifestyle",No,1159,,0.0,0,,0.0
578945274,My First Voice 2.i,"Special Learning, Inc.",Apple App Store,iPad,Paid,2012-11-20,No,Education,No,1127,,0.0,126,,0.0
923797038,Behavior Buddy,Caleb Gomer,Apple App Store,iPad,Free,2015-02-23,No,"Education, Utilities",No,1107,,0.0,0,,0.0
1013997348,ASD August,Sherpa Solutions,Apple App Store,"iPad, iPhone",Free,2015-07-08,No,Business,No,1043,,0.0,0,,0.0
382299134,iШашлык,ASD Soft,Apple App Store,"iPad, iPhone",Paid,2010-07-29,No,"Food & Drink, Lifestyle",No,1043,,0.0,678,,0.0
827420475,Problem Solving Kit – Lite version,協康會,Apple App Store,iPad,Free,2014-03-02,No,"Games, Education, Educational (Games), Family (Games)",No,1039,,0.0,0,,0.0
com.greyolltwit.tidyup,Tidy Up,Grey Olltwit Software,Google Store,All,Free,2014-07-21,No,Educational (Games),No,999,,0.0,0,,0.0
768732206,Happy Geese Full,Appically,Apple App Store,iPad,Paid,2013-12-29,No,"Games, Education, Dice (Games), Family (Games)",No,965,,0.0,1958,,0.0
ox.app,Oxbridge Academy,ASD Solutions,Google Store,All,Free,2014-12-18,No,Education,No,934,,0.0,0,,0.0
478225574,Autism Tracker Pro: Track analyze and share ASD daily,"Track & Share Apps, LLC",Apple App Store,"iPad, iPhone",Paid,2011-11-17,No,"Medical, Education",Yes,932,,0.0,6473,,0.0
574727556,EiMSIG® Info App,ASD Online Marketing UG,Apple App Store,"iPad, iPhone",Free,2012-11-07,No,"Business, Productivity",No,920,,0.0,0,,0.0
915671291,ASDS Quest,Anzu,Apple App Store,iPad,Free,2014-10-29,No,"Medical, Education",No,863,,0.0,0,,0.0
573031691,Picture Me Calm - A visual schedule tool for children with special needs,"Awesometistic, LLC",Apple App Store,"iPad, iPhone",Paid,2012-11-02,No,"Education, Productivity",No,824,,0.0,1706,,0.0
324553636,Teremok,ASD Soft,Apple App Store,"iPad, iPhone",Paid,2009-08-04,No,"Education, Books",No,777,,0.0,512,,0.0
487295341,My First Voice,"Special Learning, Inc.",Apple App Store,"iPad, iPhone",Paid,2011-12-12,No,"Education, Productivity",No,744,,0.0,112,,0.0
690783098,MD Resource,"W. L. Gore & Associates, Inc.",Apple App Store,"iPad, iPhone",Free,2013-11-15,No,Medical,No,740,,0.0,0,,0.0
527130517,ABA Problem Solving - Which Doesn't Belong Game,Optiqal,Apple App Store,"iPad, iPhone",Paid,2012-05-16,No,"Medical, Education",No,733,,0.0,1009,,0.0
457539171,iModeling - Skills for Autism Spectrum Disorder,Autism SA,Apple App Store,"iPad, iPhone",Paid,2011-08-29,No,"Education, Utilities",No,717,,0.0,4926,,0.0
413679118,ReetsDryCalc - Reets Drying Psychrometric,"Reets Drying Systems, LLC",Apple App Store,"iPad, iPhone",Free,2011-01-13,No,Productivity,No,692,,0.0,0,,0.0
480901185,In My Own World,Apptology,Apple App Store,"iPad, iPhone",Free,2011-11-21,No,"Education, Books",No,658,,0.0,0,,0.0
410530334,Smurks,Iconicast LLC,Apple App Store,"iPad, iPhone",Free,2010-12-21,No,"Medical, Social Networking",No,632,,0.0,0,,0.0
com.asdcreative.urfalikardesler,Urfalı Kardeşler,ASD Creative Corp.,Google Store,All,Free,2015-10-05,No,Shopping,No,618,,0.0,0,,0.0
895324972,JS3D HD,ESHOWPRO Inc,Apple App Store,iPad,Free,2014-07-09,No,Business,No,595,,0.0,0,,0.0
883672660,Receptive Labels,Chatterbox,Apple App Store,iPad,Paid,2014-06-06,No,"Education, Utilities",No,583,,0.0,1871,,0.0
862363656,Alex learns to sort,Didactic Apps,Apple App Store,"iPad, iPhone",Paid,2014-05-01,No,"Medical, Education",No,541,,0.0,713,,0.0
954539688,This for That: Visual Timer,Center for Autism and Related Disorders,Apple App Store,"iPad, iPhone",Free,2015-01-08,No,"Education, Productivity",No,534,,0.0,28,,0.0
630888263,3D Road Map to ASD & VSD,Dahku Creations,Apple App Store,iPad,Paid,2013-04-09,No,"Medical, Education",No,508,,0.0,3686,,0.0
783003078,Developmental Medicine & Child Neurology,Wiley Publishing,Apple App Store,"iPad, iPhone",Free,2014-01-12,No,"Education, Magazines & Newspapers",No,494,,0.0,0,,0.0
825283172,Problem Solving Kit,協康會,Apple App Store,iPad,Paid,2014-03-12,No,"Games, Education, Educational (Games), Family (Games)",No,471,,0.0,140,,0.0
686963447,Brainy Skills Homophones,"A Brainy Choice, Inc.",Apple App Store,"iPad, iPhone",Paid,2013-08-14,No,"Games, Trivia (Games), Education, Educational (Games)",No,461,,0.0,314,,0.0
960663442,LRHA ASD - Lazio Reining,Data Elite Sas,Apple App Store,"iPad, iPhone",Free,2015-02-05,No,"News, Business",No,458,,0.0,0,,0.0
639344108,Bolt Design - Shear Tension and Bearing Strength per AISC Specification,Frederico Bueno,Apple App Store,"iPad, iPhone",Paid,2013-04-28,No,"Reference, Productivity",No,458,,0.0,1228,,0.0
538401363,TouchT Pro ©,ASD Soft,Apple App Store,"iPad, iPhone",Paid,2012-07-06,No,"Games, Strategy (Games), Puzzle (Games)",No,451,,0.0,613,,0.0
org.greyolltwit.britishhistory,British History,Grey Olltwit Educational Software,Google Store,All,Paid,2014-02-12,No,Educational (Games),No,444,,0.0,410,,0.0
836487438,語你同行Lite,協康會,Apple App Store,iPad,Free,2014-04-01,No,Education,No,443,,0.0,0,,0.0
928827085,ABA Timer,Chatterbox,Apple App Store,iPad,Paid,2014-10-21,No,"Education, Utilities",No,441,,0.0,828,,0.0
com.lorenzomoreno.pictogramagenda,PictogramAgenda,Lorenzo Moreno,Google Store,All,Free,2015-03-10,No,Education,No,440,,0.0,0,,0.0
523059845,Learning to Read with Byron - Visual Tracking Lite,Section 31 Pty Ltd,Apple App Store,iPad,Free,2012-08-07,Yes,"Games, Education, Educational (Games)",No,402,,0.0,0,,0.0
com.twoandtwo.rcnaad,Autism & Disability,Raising Children Network,Google Store,All,Free,2014-07-15,No,Education,No,398,,0.0,0,,0.0
472099105,Cantilevered CMU Retaining Walls,Jamoke Innovations LLC,Apple App Store,"iPad, iPhone",Paid,2011-10-15,No,"Productivity, Utilities",No,395,,0.0,2769,,0.0
com.bdfihggggf.edhbdfihggggf,Autism World Magazine,MagsWest Publishing Pty. Ltd.,Google Store,All,Free,2014-08-26,Yes,News and Magazines,No,389,,0.0,0,,0.0
com.locomotivelabs.tellingtime,Todo Telling Time,Enuma,Google Store,All,Paid,2014-05-15,No,Education,No,389,,0.0,1727,,0.0
asdstart.palleinretegold,Palle In Rete Calcio 2015/16,Asd Start SS,Google Store,All,Paid,2015-09-23,No,Sports,No,348,,0.0,787,,0.0
979368178,Motor Drive Matrix,Toshiba International Corporation,Apple App Store,"iPad, iPhone",Free,2015-04-13,No,"Reference, Catalogs",No,346,,0.0,0,,0.0
370402196,Battlefield Moon,ASD Soft,Apple App Store,"iPad, iPhone",Paid,2010-05-05,No,"Games, Action (Games), Strategy (Games)",No,334,,0.0,22,,0.0
asdstart.palleinretecalcio,Palle In Rete - Partner Calcio,Asd Start SS,Google Store,All,Free,2015-09-17,No,Sports,No,328,,0.0,0,,0.0
971262501,Build Compound Words,Jack Apps Education,Apple App Store,iPad,Paid,2015-03-13,No,Education,No,311,,0.0,45,,0.0
com.conduit.app_32c15060500a4409bdff99ba150b80ab.app,Calcio Amatoriale,Villa Ferri League,Google Store,All,Free,2015-07-01,No,Sports,No,308,,0.0,0,,0.0
334676496,Porridge from Axe,ASD Soft,Apple App Store,"iPad, iPhone",Free,2009-10-20,No,"Education, Books",No,302,,0.0,208,,0.0
org.greyolltwit.simon,Simon,Grey Olltwit Educational Software,Google Store,All,Paid,2014-05-15,No,Educational (Games),No,278,,0.0,212,,0.0
502219251,Work System (Autism),Visual Edvantage,Apple App Store,"iPad, iPhone",Paid,2012-02-18,No,"Education, Utilities",No,278,,0.0,184,,0.0
org.greyolltwit.matchup,Match Up,Grey Olltwit Educational Software,Google Store,All,Paid,2014-10-02,No,Educational (Games),No,276,,0.0,188,,0.0
org.greyolltwit.alphabetsoup,Alphabet Soup,Grey Olltwit Educational Software,Google Store,All,Paid,2014-02-19,No,Educational (Games),No,262,,0.0,230,,0.0
833434155,Match & Find – Activities to Develop Memory & Matching Skills for Special Needs,Special iApps,Apple App Store,iPad,Paid,2014-03-20,No,Education,No,260,,0.0,1373,,0.0
523047834,Learning to Read with Byron - Visual Constancy Lite,Section 31 Pty Ltd,Apple App Store,iPad,Free,2012-08-07,Yes,"Games, Education, Educational (Games)",No,256,,0.0,0,,0.0
496893421,TouchT,ASD Soft,Apple App Store,iPad,Paid,2012-01-31,No,"Games, Strategy (Games), Puzzle (Games), Entertainment",No,249,,0.0,51,,0.0
426168181,New Oasis Poker,ASD Soft,Apple App Store,iPad,Free,2011-03-23,No,"Games, Casino (Games), Card (Games), Entertainment",No,246,,0.0,0,,0.0
463344117,Custom Boards- Premium,Smarty Ears,Apple App Store,iPad,Paid,2011-10-05,No,"Medical, Education",No,241,,0.0,8109,,0.0
org.greyolltwit.picturepairs,Picture Pairs,Grey Olltwit Educational Software,Google Store,All,Paid,2014-06-07,No,Educational (Games),No,232,,0.0,166,,0.0
478369169,Montessori Approach to Zoology - The Animal Kingdom (Vertebrates) HD,Rantek Inc.,Apple App Store,iPad,Paid,2011-11-11,No,"Games, Education, Educational (Games), Puzzle (Games)",No,230,,0.0,439,,0.0
691960140,Learning to Read with Byron - Visual Tracking,Section 31 Pty Ltd,Apple App Store,iPad,Paid,2013-09-01,No,"Games, Education",No,226,,0.0,306,,0.0
org.greyolltwit.tidyup,Tidy Up,Grey Olltwit Educational Software,Google Store,All,Paid,2014-06-24,No,Educational (Games),No,223,,0.0,141,,0.0
1028937907,``` 2015 ``` AAA Aace Educational Solar System Puzzle Game ASD,Marcelo Domingues,Apple App Store,"iPad, iPhone",Free,2015-08-17,No,"Games, Educational (Games), Puzzle (Games), Entertainment",No,204,,0.0,0,,0.0
org.greyolltwit.goopla,Goopla Number Bonds,Grey Olltwit Educational Software,Google Store,All,Paid,2014-03-20,No,Educational (Games),No,201,,0.0,143,,0.0
727360958,VAST Autism 1 - Core (Portuguese BR),SpeakinMotion,Apple App Store,"iPad, iPhone",Paid,2013-10-30,No,"Medical, Education",No,193,,0.0,676,,0.0
564754337,iAskU,Aptitude Agency Ltd,Apple App Store,"iPad, iPhone",Paid,2012-11-20,Yes,"Education, Lifestyle",No,191,,0.0,665,,0.0
com.sega.bluerss,Autismo News,Neocogita srl,Google Store,All,Free,2013-11-04,No,Medical,No,188,,0.0,0,,0.0
com.asdcreative.yurtbayseramik,Yurtbay Seramik,ASD Creative Corp.,Google Store,All,Free,2015-07-11,No,Business,No,185,,0.0,0,,0.0
981882038,ASD Aquaria,Gabriele Manieri,Apple App Store,"iPad, iPhone",Free,2015-04-11,No,Sports,No,184,,0.0,0,,0.0
com.conduit.app_cfde2a69e8ec4d49917206a5f275ba28.app,Asperger Child,Janelle Wall,Google Store,All,Paid,2015-05-04,No,Education,No,184,,0.0,347,,0.0
724845890,CUS Bologna,Makeitapp s.r.l.,Apple App Store,"iPad, iPhone",Free,2013-10-24,No,"Education, Sports",No,183,,0.0,0,,0.0
com.handholdadaptive.iprompts,iPrompts® - ASD Visual Support,"HandHold Adaptive, LLC",Google Store,All,Paid,2012-05-24,No,Education,No,179,,0.0,1679,,0.0
425392109,Pic a Word,"Red Mountain Labs, Inc.",Apple App Store,iPad,Free,2011-03-17,No,Education,No,175,,0.0,0,,0.0
com.uvigo.gti.PictoDroidLite,PictoDroid Lite,accegal,Google Store,All,Free,2014-05-30,No,Education,No,163,,0.0,0,,0.0
com.card.tokenboard,This for That: Token Board,Center for Autism and Related Disorders,Google Store,All,Paid,2015-02-19,No,Education,No,162,,0.0,141,,0.0
com.health.kmfunding,Kilometre Funding,Exercise Rewards PTY LTD,Google Store,All,Paid,2015-02-15,No,Health and Fitness,No,155,,0.0,296,,0.0
com.pd.golfapp,GSA LITE,Perception Digital Limited,Google Store,All,Free,2012-06-08,No,Sports,No,154,,0.0,0,,0.0
com.card.visualschedules,This for That:Visual Schedules,Center for Autism and Related Disorders,Google Store,All,Paid,2015-01-13,No,Education,No,152,,0.0,149,,0.0
961408546,Asperger Child,Janelle Wall,Apple App Store,"iPad, iPhone",Paid,2015-03-08,No,Education,No,144,,0.0,182,,0.0
721911239,Learn with Rufus: Emotions,"Rufus Robot, Inc.",Apple App Store,"iPad, iPhone",Paid,2013-10-20,No,"Games, Education, Educational (Games)",No,144,,0.0,497,,0.0
566257941,Maths With Byron: Times Tables Lite,Section 31 Pty Ltd,Apple App Store,iPad,Free,2012-10-19,No,"Games, Education, Educational (Games)",No,142,,0.0,0,,0.0
org.greyolltwit.tellthetime,Tell The Time,Grey Olltwit Educational Software,Google Store,All,Paid,2014-09-27,No,Educational (Games),No,141,,0.0,69,,0.0
832651985,Termotic,tapp Ingenieria,Apple App Store,iPad,Paid,2014-03-10,No,"Games, Education, Educational (Games), Family (Games)",No,141,,0.0,92,,0.0
449076204,iHowTo-Book,Kensei Ikeda,Apple App Store,"iPad, iPhone",Free,2011-07-18,No,"Education, Books",No,140,,0.0,0,,0.0
959391402,Arca Milano,App4SportsClub,Apple App Store,"iPad, iPhone",Free,2015-01-26,No,Sports,No,139,,0.0,0,,0.0
air.App2Kids.PreguntasBasicas,Autism. Basic Questions,App2Kids,Google Store,All,Paid,2013-11-19,No,Education,No,135,,0.0,230,,0.0
526326410,ABA Problem Solving - Same or Different Game,Optiqal,Apple App Store,"iPad, iPhone",Paid,2012-05-16,No,"Medical, Education",No,134,,0.0,184,,0.0
495844519,Action for Singapore Dogs,Jam Factory Pte. Ltd.,Apple App Store,"iPad, iPhone",Free,2012-01-25,No,Lifestyle,No,133,,0.0,0,,0.0
665530252,Little Star Conversation Story,Little Star Early Learning Pty.Ltd.,Apple App Store,iPad,Paid,2013-07-05,No,"Education, Books",No,129,,0.0,264,,0.0
org.greyolltwit.atm,ATM,Grey Olltwit Educational Software,Google Store,All,Paid,2014-02-02,No,Education,No,129,,0.0,104,,0.0
1006234987,vi.co Hospital Lite,"Fondazione Bambini e Autismo, O.N.L.U.S.",Apple App Store,iPad,Free,2015-07-10,No,"Medical, Education",No,123,,0.0,0,,0.0
894531439,minminバスケ,ASD Corporation,Apple App Store,iPad,Free,2014-07-15,No,"Games, Sports (Games), Action (Games), Lifestyle",No,122,,0.0,0,,0.0
com.rootcreative.asd,SIGN Autism Patient Guide,SIGN Executive,Google Store,All,Free,2012-09-11,No,Medical,No,122,,0.0,0,,0.0
404131155,Raising an Autistic Child,AppWarrior,Apple App Store,"iPad, iPhone",Paid,2010-11-20,No,"Health & Fitness, Lifestyle",No,122,,0.0,85,,0.0
air.Discriminacion,Autism. Discrimination,App2Kids,Google Store,All,Paid,2014-07-08,No,Education,No,115,,0.0,194,,0.0
1006234498,vi.co Hospital,"Fondazione Bambini e Autismo, O.N.L.U.S.",Apple App Store,iPad,Paid,2015-07-11,No,"Medical, Education",No,112,,0.0,849,,0.0
470915360,Touch & Say SD,Interbots,Apple App Store,"iPad, iPhone",Free,2011-10-13,No,"Education, Entertainment",No,109,,0.0,0,,0.0
417338873,I冧You,AlphaSoft Design Ltd,Apple App Store,"iPad, iPhone",Free,2011-02-09,No,"Entertainment, Lifestyle",No,108,,0.0,0,,0.0
691958320,Learning to Read with Byron - Visual Constancy,Section 31 Pty Ltd,Apple App Store,iPad,Paid,2013-09-11,No,"Games, Education",No,107,,0.0,141,,0.0
970381537,ASD Info Wales: Working with Autism,Eazyweb,Apple App Store,"iPad, iPhone",Free,2015-08-22,No,"Utilities, Lifestyle",No,105,,0.0,0,,0.0
1028942854,``` 2015 ``` AAA Aamusement Park Puzzle Game ASD,Marcelo Domingues,Apple App Store,"iPad, iPhone",Free,2015-08-13,No,"Games, Puzzle (Games), Family (Games), Entertainment",No,104,,0.0,0,,0.0
org.greyolltwit.timestables,Times Tables,Grey Olltwit Educational Software,Google Store,All,Paid,2014-10-10,No,Educational (Games),No,103,,0.0,73,,0.0
org.greyolltwit.clockpairs,24hr Clock Pairs,Grey Olltwit Educational Software,Google Store,All,Paid,2014-08-30,No,Educational (Games),No,96,,0.0,92,,0.0
643865748,ASDS Member App,"Association Applications Group, LLC",Apple App Store,"iPad, iPhone",Free,2013-05-08,No,"Education, Health & Fitness",No,93,,0.0,0,,0.0
915364085,Città di Mestre C5,App4SportsClub,Apple App Store,"iPad, iPhone",Free,2014-10-08,No,Sports,No,90,,0.0,0,,0.0
933252522,Ro.Ma. Sport ASD,Roberto Manenti,Apple App Store,"iPad, iPhone",Free,2014-11-04,No,"Sports, Lifestyle",No,89,,0.0,0,,0.0
com.TouchAutism.MyDayWHWords,My Day With WH Words Story,Touch Autism,Google Store,All,Paid,2013-04-22,No,Education,No,89,,0.0,224,,0.0
1022333171,HSvu,PANalytical,Apple App Store,"iPad, iPhone",Paid,2015-08-06,No,"Productivity, Utilities",No,84,,0.0,54,,0.0
org.greyolltwit.socialstories,Social Stories,Grey Olltwit Educational Software,Google Store,All,Paid,2014-07-04,No,Education,No,84,,0.0,69,,0.0
545208024,Likes and Dislikes,Cendana,Apple App Store,"iPad, iPhone",Free,2012-07-29,No,"Medical, Education",No,84,,0.0,0,,0.0
air.App2Kids.BasicQuestions2,Autism. Basic Questions,App2Kids,Google Store,All,Paid,2014-06-03,No,Education,No,82,,0.0,138,,0.0
start.ads.palleinretevolleyweb,Palle In Rete Volley,Asd Start SS,Google Store,All,Free,2015-10-12,No,Sports,No,80,,0.0,0,,0.0
388253843,ASD Roulette HD,ASD Soft,Apple App Store,iPad,Paid,2010-08-27,No,"Games, Casino (Games), Card (Games)",No,79,,0.0,50,,0.0
1029246497,``` 2015 ``` AAA My Little Toy Box Puzzle Game ASD,Marcelo Domingues,Apple App Store,"iPad, iPhone",Free,2015-08-15,No,"Games, Puzzle (Games), Family (Games), Entertainment",No,78,,0.0,0,,0.0
662944467,ASD ToGo,Custom School Apps,Apple App Store,"iPad, iPhone",Free,2013-06-24,No,Education,No,75,,0.0,0,,0.0
977478588,asd Timer for Yogi,Kyin Lin,Apple App Store,"iPad, iPhone",Free,2015-03-24,No,Utilities,No,73,,0.0,0,,0.0
979598650,Defense Laboratory Enterprise eSmartbook,OSD ASD(R&E) Defense Laboratories Office,Apple App Store,"iPad, iPhone",Free,2015-05-08,No,"News, Reference",No,71,,0.0,0,,0.0
it.softwarepalestre.happylife,Happy Life,Xeniasoft,Google Store,All,Free,2015-09-09,No,Sports,No,70,,0.0,0,,0.0
com.rufusrobot.emotions,Learn with Rufus: Emotions,"Rufus Robot, Inc.",Google Store,All,Paid,2014-03-29,No,Education,No,70,,0.0,319,,0.0
897963998,ASD 3MChile v1c,3M Company,Apple App Store,iPad,Free,2014-07-19,No,Reference,No,69,,0.0,0,,0.0
673250603,Altoona ASD,Custom School Apps,Apple App Store,"iPad, iPhone",Free,2013-07-15,No,Education,No,68,,0.0,0,,0.0
805351851,Learn with Rufus: Numbers,"Rufus Robot, Inc.",Apple App Store,"iPad, iPhone",Paid,2014-01-30,No,"Games, Education, Educational (Games)",No,68,,0.0,45,,0.0
org.greyolltwit.clockface,Clock Face,Grey Olltwit Educational Software,Google Store,All,Paid,2015-12-03,No,Educational (Games),No,68,,0.0,5,,0.0
611166037,Камеди Words,ASD Soft,Apple App Store,"iPad, iPhone",Free,2013-04-08,No,"Entertainment, Lifestyle",No,64,,0.0,0,,0.0
com.lilypie.toiletsequence.boy,Toilet Sequence ASD (Boy),Nans Orchid,Google Store,All,Paid,2012-11-01,No,Education,No,61,,0.0,79,,0.0
org.greyolltwit.clocktables,Clock Tables,Grey Olltwit Educational Software,Google Store,All,Paid,2015-12-04,No,Educational (Games),No,61,,0.0,7,,0.0
330005503,Pair Pictures,ASD Soft,Apple App Store,"iPad, iPhone",Free,2009-09-17,No,"Games, Puzzle (Games), Entertainment",No,59,,0.0,0,,0.0
com.poshapps.trainingfaces,Training Faces,Training With Gaming Inc.,Google Store,All,Paid,2012-07-20,No,Education,No,58,,0.0,128,,0.0
1025881383,Yurtbay Seramik,ASD TASARIM BILISIM REKLAM MATBAA SANAYI TICARET LIMITED SIRKETI,Apple App Store,"iPad, iPhone",Free,2015-09-01,No,Business,No,57,,0.0,0,,0.0
com.moonmirage.vistimer,visTimer,lonesheep,Google Store,All,Free,2014-01-03,No,Medical,No,57,,0.0,0,,0.0
com.centerforautism.tokenstore,This for That: Token Store,Center for Autism and Related Disorders,Google Store,All,Paid,2015-02-19,No,Education,No,56,,0.0,40,,0.0
asdstart.palleinretevolley,Palle In Rete - Partner Volley,Asd Start SS,Google Store,All,Free,2015-09-17,No,Sports,No,53,,0.0,0,,0.0
air.com.fundacionplanetaimaginario.isequenceslite,iSEQUENCES LITE,FUNDACION PLANETA IMAGINARIO,Google Store,All,Free,2013-12-16,No,Education,No,51,,0.0,0,,0.0
1059544273,Choice Boards,Lukasz Wroczynski,Apple App Store,iPad,Free,2015-12-12,No,Education,No,51,,0.0,0,,0.0
952743833,ASD Leonardo,21Gear SRL,Apple App Store,"iPad, iPhone",Free,2015-01-15,No,"Health & Fitness, Lifestyle",No,47,,0.0,0,,0.0
563016050,Stories of Autism,Jeff Felbeck,Apple App Store,iPad,Free,2012-10-19,No,Education,No,46,,0.0,0,,0.0
651807065,Learn with Rufus: Groups and Categories,"Rufus Robot, Inc.",Apple App Store,"iPad, iPhone",Paid,2013-06-15,No,"Games, Education, Educational (Games)",No,46,,0.0,150,,0.0
834451666,Рецепты-Эротическая кухня Эммануэль,ASD Soft,Apple App Store,"iPad, iPhone",Free,2014-05-30,No,"Food & Drink, Books",No,45,,0.0,27,,0.0
com.MyClubCreando,Creando Correzzana,App4SportClub,Google Store,All,Free,2015-10-03,No,Sports,No,45,,0.0,0,,0.0
643582469,Emotions Playkit,James Munro,Apple App Store,iPad,Paid,2013-05-23,No,"Education, Entertainment",No,45,,0.0,29,,0.0
475243167,Look in My Eyes: Math Facts,FIZZBRAIN LLC,Apple App Store,"iPad, iPhone",Paid,2011-11-01,No,"Education, Entertainment",No,45,,0.0,94,,0.0
com.centerforautism.visualtimer,This for That: Visual Timer,Center for Autism and Related Disorders,Google Store,All,Paid,2014-12-22,No,Education,No,45,,0.0,33,,0.0
com.rufusrobot.numbers,Learn with Rufus: Numbers,"Rufus Robot, Inc.",Google Store,All,Paid,2014-05-18,No,Education,No,45,,0.0,34,,0.0
545061672,iAssessNTeach School Series,WebTeam Corporation,Apple App Store,"iPad, iPhone",Free,2012-08-01,Yes,"Education, Health & Fitness",No,45,,0.0,0,,0.0
com.lilypie.toiletsequence.girl,Toilet Sequence ASD (Girl),Nans Orchid,Google Store,All,Paid,2012-11-01,No,Education,No,44,,0.0,59,,0.0
964490340,Oxbridge Academy Mobile App,ASD Solutions Pty Ltd,Apple App Store,"iPad, iPhone",Free,2015-03-03,No,Education,No,41,,0.0,0,,0.0
764794237,Learn with Rufus: Boys and Girls,"Rufus Robot, Inc.",Apple App Store,"iPad, iPhone",Paid,2013-11-28,No,"Games, Education, Educational (Games)",No,41,,0.0,28,,0.0
951082636,KidConnect-Connecting Behavior to Emotions,"The Connections Model, LLC",Apple App Store,iPad,Paid,2015-01-05,Yes,"Education, Health & Fitness",No,41,,0.0,472,,0.0
863048491,Asd Sporting Pro Penne,Gioca S.r.l.,Apple App Store,"iPad, iPhone",Free,2014-04-21,No,"News, Sports",No,40,,0.0,0,,0.0
com.rufusrobot.categories,Learn with Rufus: Categories,"Rufus Robot, Inc.",Google Store,All,Paid,2014-02-19,No,Education,No,40,,0.0,161,,0.0
575636222,SpeechPrompts,"Handhold Adaptive, LLC",Apple App Store,"iPad, iPhone",Paid,2012-11-20,No,"Medical, Education",No,39,,0.0,496,,0.0
575476804,ASD Browser,Dynamics Therapy Centre for Kids Pte Ltd,Apple App Store,iPad,Paid,2012-11-29,No,"Education, Lifestyle",No,38,,0.0,24,,0.0
865969229,Asd Frentania Serracapriola,Gioca S.r.l.,Apple App Store,"iPad, iPhone",Free,2014-04-22,No,"News, Sports",No,38,,0.0,0,,0.0
982154488,Lokalzeitung Aschendorf,Tobit.Software,Apple App Store,"iPad, iPhone",Free,2015-04-06,No,News,No,38,,0.0,0,,0.0
com.dialogausili.dialogolite,Dialogo AAC Lite - Autism,Dialog Ausili s.r.l.,Google Store,All,Free,2015-10-07,No,Communication,No,36,,0.0,0,,0.0
998911632,Dixon Batteries Mobile App,ASD Solutions Pty Ltd,Apple App Store,"iPad, iPhone",Free,2015-06-30,No,Business,No,32,,0.0,0,,0.0
org.greyolltwit.musicmaker,Simple Keyboard,Grey Olltwit Educational Software,Google Store,All,Paid,2015-08-30,No,Education,Yes,32,,0.0,20,,0.0
org.greyolltwit.division,EMW - Division,Grey Olltwit Educational Software,Google Store,All,Paid,2014-05-14,No,Educational (Games),No,31,,0.0,16,,0.0
1028354005,GOSS Asd,Bruschi Roberto,Apple App Store,"iPad, iPhone",Free,2015-08-20,No,Sports,No,28,,0.0,0,,0.0
com.pictureroutines.pictureroutines,PictureRoutines,AutiPlan.com,Google Store,All,Free,2014-11-18,No,Health and Fitness,No,28,,0.0,0,,0.0
665532733,Little Star Trying New Foods Story,Little Star Early Learning Pty.Ltd.,Apple App Store,iPad,Paid,2013-07-05,No,"Education, Books",No,26,,0.0,49,,0.0
com.optiqal.apps.abasamedifferent,ABA Game - Same or Different,Optiqal,Google Store,All,Paid,2014-09-19,No,Education,No,25,,0.0,37,,0.0
com.goodbarber.aquariaclub,ASD Aquaria,Gabriele Manieri DEV,Google Store,All,Free,2015-04-01,No,Sports,No,24,,0.0,0,,0.0
1056090728,Urfalı Kardeşler,ASD TASARIM BILISIM REKLAM MATBAA SANAYI TICARET LIMITED SIRKETI,Apple App Store,"iPad, iPhone",Free,2015-12-11,No,Food & Drink,No,23,,0.0,0,,0.0
1032213079,A Amazing Classic Cars Match Pics ASD,Marcelo Domingues,Apple App Store,"iPad, iPhone",Free,2015-09-05,No,"Games, Puzzle (Games), Entertainment, Family (Games)",No,22,,0.0,0,,0.0
rotechnology.sto_demo2,Safe Take Off,Ro Technology Srl,Google Store,All,Paid,2014-07-10,No,Travel and Local,No,22,,0.0,57,,0.0
de.pappermint.business.soziale_demokratie_app_android,FES Soziale Demokratie,Friedrich-Ebert-Stiftung / ASD,Google Store,All,Free,2015-09-02,No,Education,No,21,,0.0,0,,0.0
com.specialiapps.touchemotions,Touch-Emotions,Special iApps,Google Store,All,Free,2014-09-21,No,Education,No,21,,0.0,0,,0.0
895322656,JS3D,ESHOWPRO Inc,Apple App Store,"iPad, iPhone",Free,2014-07-09,No,"Business, Catalogs",No,21,,0.0,0,,0.0
com.ibullapps.app.app563f134fe62b5,Cus Unime,Netagency,Google Store,All,Free,2015-12-18,No,Sports,No,20,,0.0,0,,0.0
537240054,Autistic Spectrum Disorder Planning Assistant,Welsh Local Government Association,Apple App Store,"iPad, iPhone",Free,2012-06-28,No,"Education, Lifestyle",No,20,,0.0,0,,0.0
com.rufusrobot.genders,Learn with Rufus: Boys & Girls,"Rufus Robot, Inc.",Google Store,All,Paid,2014-04-26,No,Education,No,17,,0.0,13,,0.0
566256787,Maths With Byron: Times Tables,Section 31 Pty Ltd,Apple App Store,iPad,Paid,2012-10-19,No,"Games, Education, Educational (Games)",No,17,,0.0,33,,0.0
com.normex.visualreadingdemo,Visual Reading Demo,Visual Reading,Google Store,All,Free,2015-10-08,No,Education,No,16,,0.0,0,,0.0
com.greyolltwit.britishhistory,British History,Grey Olltwit Software,Google Store,All,Free,2014-02-13,No,Educational (Games),No,16,,0.0,0,,0.0
952725289,bCalm,VGM Forbin,Apple App Store,"iPad, iPhone",Free,2015-04-28,Yes,Health & Fitness,No,15,,0.0,0,,0.0
866056983,Asd Football Club Caravaggio,Gioca S.r.l.,Apple App Store,"iPad, iPhone",Free,2014-04-22,No,"News, Sports",No,14,,0.0,0,,0.0
com.benitez.autismrandw,Autism Read & Write Pro,Green Bubble Labs,Google Store,All,Paid,2013-06-26,No,Education,No,14,,0.0,55,,0.0
it.softwarepalestre.palestranautilus,Palestra Nautilus,Xeniasoft,Google Store,All,Free,2015-09-01,No,Sports,No,13,,0.0,0,,0.0
608080783,iSpeakUpStory,Kensei Ikeda,Apple App Store,"iPad, iPhone",Paid,2013-03-13,No,"Education, Books",No,13,,0.0,18,,0.0
com.lynnepstein.hdyk,How Do You Know?,"Lynn Epstein, MS, SLP-CCC",Google Store,All,Paid,2015-07-21,No,Education,No,13,,0.0,50,,0.0
com.Plunge.happyGeese,Happy Geese,"Appically, S.L.",Google Store,All,Paid,2014-01-02,No,Education,No,13,,0.0,11,,0.0
air.SocializationApp14,Social Skills Handy Aide,Infilove,Google Store,All,Paid,2014-10-03,No,Education,No,12,,0.0,35,,0.0
665532249,Little Star Hairdresser Story,Little Star Early Learning Pty.Ltd.,Apple App Store,iPad,Paid,2013-07-05,No,"Education, Books",No,12,,0.0,20,,0.0
ch.spitex.android.fr,Magazine ASD,Pomcany's Marketing AG,Google Store,All,Free,2014-02-13,No,Medical,No,11,,0.0,0,,0.0
910969250,ASD Marketing,Marktplatz Digital GmbH,Apple App Store,"iPad, iPhone",Free,2014-09-07,No,"Business, Productivity",No,11,,0.0,0,,0.0
371459904,ASD American Roulette,ASD Soft,Apple App Store,"iPad, iPhone",Paid,2010-05-19,No,"Games, Casino (Games), Card (Games)",No,10,,0.0,7,,0.0
959113393,MDCPS ASD,Gerardo Viera,Apple App Store,"iPad, iPhone",Free,2015-01-26,No,Education,No,10,,0.0,0,,0.0
674170951,Christian ASD,Custom School Apps,Apple App Store,"iPad, iPhone",Free,2013-07-22,No,Education,No,10,,0.0,0,,0.0
com.app.appebd71cc65f8c,EuroRoma 2015,asd eurosportevents,Google Store,All,Free,2015-11-01,No,Sports,No,9,,0.0,0,,0.0
com.greyolltwit.socialstories,Social Stories,Grey Olltwit Software,Google Store,All,Free,2014-07-27,No,Education,No,9,,0.0,0,,0.0
com.sherpa.asda2015,ASD August,Sherpa Solutions,Google Store,All,Free,2015-07-09,No,Business,No,8,,0.0,0,,0.0
1014003215,aps-handelsagentur.de,Tobit.Software,Apple App Store,"iPad, iPhone",Free,2015-07-03,No,Business,No,8,,0.0,0,,0.0
843714846,Autismtc,Isaac Perach,Apple App Store,"iPad, iPhone",Free,2014-03-29,No,"Medical, Education",No,8,,0.0,0,,0.0
919101009,1 on 1: Communicate Easy - Autism App for iPad,Pluja Apps Limited,Apple App Store,iPad,Free,2015-12-12,No,"Medical, Education",No,8,,0.0,0,,0.0
com.rocks.music,Music Player,ASD Dev,Google Store,All,Free,2015-09-08,No,Music and Audio,No,7,,0.0,0,,0.0
com.didacticsapps.alexaprendeavestirse,Alex learns how to dress,Didactic Apps,Google Store,All,Free,2014-08-06,No,Education,No,7,,0.0,0,,0.0
org.greyolltwit.eurojigsaw,European Jigsaw,Grey Olltwit Educational Software,Google Store,All,Paid,2014-05-15,No,Educational (Games),No,7,,0.0,6,,0.0
866026073,A.S.D Junior Grignasco,Gioca S.r.l.,Apple App Store,"iPad, iPhone",Free,2014-04-22,No,"News, Sports",No,6,,0.0,0,,0.0
665533740,Little Star Sleep Time Story,Little Star Early Learning Pty.Ltd.,Apple App Store,iPad,Paid,2013-07-05,No,"Education, Books",No,6,,0.0,12,,0.0
com.greyolltwit.wordsearch,Word Search,Grey Olltwit Software,Google Store,All,Free,2014-10-29,No,Educational (Games),No,5,,0.0,0,,0.0
989142096,AbaPlanet PRO,Fundación Planeta Imaginario,Apple App Store,iPad,Paid,2015-12-10,No,"Education, Health & Fitness",No,5,,0.0,63,,0.0
851166375,ASD Country Life,Antonio Mirizzi,Apple App Store,"iPad, iPhone",Free,2014-05-02,No,"Sports, Health & Fitness",No,4,,0.0,0,,0.0
930420672,AutismCodes,Richard Zajac,Apple App Store,"iPad, iPhone",Free,2014-11-07,No,News,No,4,,0.0,0,,0.0
com.nextstep.lodwr_000.bubblemadness,Tottering bubbles,NextStep GameStudio,Google Store,All,Paid,2015-10-02,No,Arcade (Games),No,4,,0.0,1,,0.0
air.ShowMe,Show Me,ColorsKit,Google Store,All,Free,2014-12-31,Yes,Education,No,4,,0.0,0,,0.0
561866315,My First Voice 2,"Special Learning, Inc.",Apple App Store,"iPad, iPhone",Paid,2012-09-21,No,Education,No,4,,0.0,84,,0.0
337038101,Kill Hill,ASD Soft,Apple App Store,"iPad, iPhone",Free,2009-11-14,No,"Games, Arcade (Games), Sports, Action (Games)",No,3,,0.0,0,,0.0
com.zahir.threem,3M ASD,Reginaa Pte. Ltd.,Google Store,All,Free,2013-09-13,No,Business,No,2,,0.0,0,,0.0
com.MyClubMestreC5,Asd Città di Mestre,App4SportClub,Google Store,All,Free,2015-04-22,No,Sports,No,2,,0.0,0,,0.0
autism.autismapp,The Autism Guide,"StroYo Solutions, Inc.",Google Store,All,Paid,2015-09-14,No,Education,No,2,,0.0,3,,0.0
com.greyolltwit.simplekeyboard,Simple Keyboard,Grey Olltwit Software,Google Store,All,Free,2015-09-15,No,Education,No,2,,0.0,0,,0.0
org.greyolltwit.subtraction,EMW - Subtraction,Grey Olltwit Educational Software,Google Store,All,Paid,2014-05-14,No,Educational (Games),No,2,,0.0,0,,0.0
493885478,Absolute Sense of Direction,memory-ex,Apple App Store,"iPad, iPhone",Free,2012-01-13,No,"Education, Entertainment",No,1,,0.0,0,,0.0
com.asdjunction.picapec,Pic-A-Pec,ASDjunction,Google Store,All,Paid,2012-10-08,No,Communication,No,1,,0.0,55,,0.0
com.asdcreative.asd,ASD Tasarım,ASD Creative Corp.,Google Store,All,Free,2015-12-16,No,Business,No,0,,0.0,0,,0.0
521561675,ASD Counter,Giovanni Sodano,Apple App Store,"iPad, iPhone",Paid,2012-05-01,No,"Sports, Utilities",No,0,,0.0,0,,0.0
it.mobapps.goss,GOSS Asd,MobApps,Google Store,All,Free,2015-08-07,No,Sports,No,0,,0.0,0,,0.0
789632399,Magazine ASD,Pomcany's Marketing AG,Apple App Store,iPad,Free,2014-02-14,No,"Medical, Health & Fitness",No,0,,0.0,0,,0.0
net.ays.PROD500969,ASD Autoglas-Schnelldienst,Heise RegioConcept,Google Store,All,Free,2015-07-29,No,Business,No,0,,0.0,0,,0.0
911105014,ASD Kids Trust,Untold Possibilities,Apple App Store,"iPad, iPhone",Free,2014-08-30,No,Education,No,0,,0.0,0,,0.0
896174147,ASD Vittorio Bachelet,Gioca S.r.l.,Apple App Store,"iPad, iPhone",Free,2014-08-05,No,"News, Sports",No,0,,0.0,0,,0.0
866047233,Asd La Torre Calcio,Gioca S.r.l.,Apple App Store,"iPad, iPhone",Free,2014-04-22,No,"News, Sports",No,0,,0.0,0,,0.0
896177049,ASD RUGBY LENDINARA,Gioca S.r.l.,Apple App Store,"iPad, iPhone",Free,2014-09-09,No,"News, Sports",No,0,,0.0,0,,0.0
895737590,Asd San Giovannello,Gioca S.r.l.,Apple App Store,"iPad, iPhone",Free,2014-08-05,No,"News, Sports",No,0,,0.0,0,,0.0
com.mobincube.android.sc_GBUDC,ASD Canaán,Redbone Development,Google Store,All,Free,2015-11-17,No,Tools,No,0,,0.0,0,,0.0
949242842,asd Myanmar Country Map,Kyin Lin,Apple App Store,"iPad, iPhone",Paid,2014-12-17,No,Travel,No,0,,0.0,0,,0.0
com.pinsnpens.pinsnpens,PinsNPens,ASD,Google Store,All,Free,2015-08-07,No,Shopping,No,0,,0.0,0,,0.0
mil.army.armamentsec.DLES,Defense Laboratory eSmartbook,OSD ASD(R&E) Defense Laboratories Office,Google Store,All,Free,2015-05-07,No,Books and Reference,No,0,,0.0,0,,0.0
410821718,Funny Xmas,ASD Soft,Apple App Store,"iPad, iPhone",Paid,2010-12-29,No,"Games, Arcade (Games)",No,0,,0.0,0,,0.0
com.cloudike.business,Cloudike Business,ASD Korea,Google Store,All,Free,2015-05-30,No,Communication,No,0,,0.0,0,,0.0
348690846,Zoo Lines,ASD Soft,Apple App Store,"iPad, iPhone",Free,2009-12-30,No,"Games, Puzzle (Games), Entertainment, Family (Games)",No,0,,0.0,0,,0.0
acelery.aceleryadv,celeryadventure(android版),asd-dsa,Google Store,All,Free,2015-04-15,No,Action (Games),No,0,,0.0,0,,0.0
acelery2.aceleryadv2eng,CeleryAdventure2English,asd-dsa,Google Store,All,Free,2015-12-14,No,Action (Games),No,0,,0.0,0,,0.0
hang.hangcelery,HangCelery,asd-dsa,Google Store,All,Free,2015-12-06,No,Puzzle (Games),No,0,,0.0,0,,0.0
acelery2.aceleryadv2,CeleryAdventure2,asd-dsa,Google Store,All,Free,2015-10-18,No,Action (Games),No,0,,0.0,0,,0.0
352560472,Real Roviano,Genwi LLC,Apple App Store,"iPad, iPhone",Free,2010-02-07,No,"News, Reference",No,0,,0.0,0,,0.0
com.asdcreative.oncag,ÖNÇAĞ,ASD Creative Corp.,Google Store,All,Free,2015-10-30,No,Business,No,0,,0.0,0,,0.0
mobi.zlab.inapptest003.app,InAppTest003,장정우,Google Store,All,Free,2015-08-23,Yes,Business,No,0,,0.0,0,,0.0
915772529,TAI- DO Bünde,Tobit.Software,Apple App Store,"iPad, iPhone",Free,2014-09-11,No,Sports,No,0,,0.0,0,,0.0
com.Tobit.android.Slitte6775623911,Marrakesch Shop,ASD Online Marketing :: Internet Marketing :: SEO,Google Store,All,Free,2015-03-27,No,Business,No,0,,0.0,0,,0.0
com.CorvusVR.TangoWithAutism,Tango with Autism,CorvusVR,Google Store,All,Free,2015-05-30,No,Educational (Games),No,0,,0.0,0,,0.0
817677736,HygieneHelper,Tiwahe Technology,Apple App Store,"iPad, iPhone",Free,2014-02-16,No,"Education, Health & Fitness",No,0,,0.0,0,,0.0
org.altervista.osgbgiussano,OSGB Giussano,Rappresentanze Guanziroli s.a.s.,Google Store,All,Free,2015-10-09,No,Sports,No,0,,0.0,0,,0.0
931490076,Lowcountry Autism,Refresh Mobile Ltd,Apple App Store,"iPad, iPhone",Free,2014-10-28,No,Medical,No,0,,0.0,0,,0.0
air.net.eazyweb.ASDEmployment,Working with Autism,Eazyweb,Google Store,All,Free,2015-08-02,No,Lifestyle,No,0,,0.0,0,,0.0
866092933,A.S.D. Alfa Maserà,Gioca S.r.l.,Apple App Store,"iPad, iPhone",Free,2014-04-22,No,"News, Sports",No,0,,0.0,0,,0.0
uk.co.argh.grr.ks6,Kieran Speaks (AAC / PECS),Tobin Lloyd,Google Store,All,Free,2015-04-15,No,Communication,No,0,,0.0,0,,0.0
org.touchandgo.visualcountdown,Visual Countdown Timer,touch-and-go.org,Google Store,All,Paid,2011-05-27,No,Communication,No,0,,0.0,0,,0.0
com.ionicframework.sociallivinglifecareer340986,SocialLiving.life - Organizer,SocialLiving.Life,Google Store,All,Free,2015-12-22,No,Lifestyle,No,0,,0.0,0,,0.0
714566204,[steel shapes] express,David Homes,Apple App Store,iPad,Paid,2013-09-25,No,"Reference, Education",No,0,,0.0,0,,0.0
910735109,iControlPlayer,Jaime Agiomantis,Apple App Store,iPad,Paid,2014-09-08,No,"Education, Entertainment",No,0,,0.0,0,,0.0
com.appsbar.AutismAwareness757239,Autism Awareness Lebanon,MAK WEBDESIGN,Google Store,All,Free,2015-06-17,No,Education,No,0,,0.0,0,,0.0
air.com.blogfa.rnihse.HSE.Index,HSE.Index,RNI Group,Google Store,All,Paid,2015-11-30,No,Education,No,0,,0.0,0,,0.0
com.imagiration.mita,Autism Therapy with MITA,ImagiRation LLC,Google Store,All,Free,2015-07-27,No,Education,No,0,,0.0,0,,0.0
com.adhd.core,Behind the Wheel with ADHD,"Shanahan Sweeney Coaching, LLC",Google Store,All,Paid,2015-04-02,No,Lifestyle,No,0,,0.0,0,,0.0
878763132,Artistas World,Stanley Crews,Apple App Store,"iPad, iPhone",Free,2014-05-20,No,Business,No,0,,0.0,0,,0.0
com.nextstep.gamestudio.totteringbubblestrial,Tottering bubbles trial,NextStep GameStudio,Google Store,All,Free,2015-10-04,No,Arcade (Games),No,0,,0.0,0,,0.0
981818642,ADHD Driving,Ann Shanahan,Apple App Store,"iPad, iPhone",Paid,2015-04-09,No,Lifestyle,No,0,,0.0,0,,0.0
nl.moma.assist.prod,Assist Helpt,Assist Helpt,Google Store,All,Free,2015-12-18,No,Productivity,No,0,,0.0,0,,0.0
com.centerforautism.socialstories,CARD Story Box,Center for Autism and Related Disorders,Google Store,All,Paid,2015-11-10,No,Education,No,0,,0.0,0,,0.0
com.athi.wunderkind,WunderKind,Athi,Google Store,All,Free,2015-09-30,Yes,Education,No,0,,0.0,0,,0.0
air.com.inclusive.cm3,ChooseIt! Maker 3,Inclusive Technology HelpKidzLearn,Google Store,All,Free,2014-06-25,No,Education,No,0,,0.0,0,,0.0
com.greyolltwit.tellthetime,Tell The Time,Grey Olltwit Software,Google Store,All,Free,2014-11-24,No,Educational (Games),No,0,,0.0,0,,0.0
com.olt20.android,OLT20,JR Solutions SARL,Google Store,All,Free,2015-06-12,No,Entertainment,No,0,,0.0,0,,0.0
com.conduit.app_27358a8d85564ca7a1919f030dab60ad.app,Rugby Formia News,Capodic,Google Store,All,Free,2015-06-12,No,Communication,No,0,,0.0,0,,0.0
490516266,My First Voice.i,"Special Learning, Inc.",Apple App Store,iPad,Paid,2012-01-11,No,"Education, Productivity",No,0,,0.0,0,,0.0
883683904,理解名称,Chatterbox,Apple App Store,iPad,Paid,2014-06-06,No,"Education, Utilities",No,0,,0.0,0,,0.0
1069805753,ASD Tasarım,ASD TASARIM BILISIM REKLAM MATBAA SANAYI TICARET LIMITED SIRKETI,Apple App Store,"iPad, iPhone",Free,2016-01-06,No,Business,No,,,0.0,,,0.0
com.keeate.asdcctv,ASD CCTV,Keeate,Google Store,All,Free,2016-03-07,No,Shopping,No,,,0.0,,,0.0
1090850832,ASD CCTV,Nontachai Sabtaweepong,Apple App Store,"iPad, iPhone",Free,2016-03-13,No,"Business, Catalogs",No,,,0.0,,,0.0
1082699526,ASD Bibione,Paolo Biasone,Apple App Store,"iPad, iPhone",Free,2016-02-13,No,"Sports, Productivity",No,,,0.0,,,0.0
com.app_asdtraining.layout,ASD Training,CyberspaceToYourPlace.com,Google Store,All,Free,2016-01-28,No,Health and Fitness,No,,,0.0,,,0.0
com.sherpa.asd2016,ASD March,Sherpa Solutions,Google Store,All,Free,2016-02-10,No,Business,No,,,0.0,,,0.0
com.mmm.asdbarcode,3M™ ASD Barcode System,3M Company,Google Store,All,Free,2016-01-05,No,Business,No,,,0.0,,,0.0
com.switchyapp.asdenergydance,ASD Energy Dance,Switchy,Google Store,All,Free,2016-04-14,No,Business,No,,,0.0,,,0.0
com.ascreative.googlesirabulucu,ASD Google Sıra Bulucu,ASD Creative Corp.,Google Store,All,Free,2016-03-03,No,Tools,No,,,0.0,,,0.0
eu.digitalidea.mobile.android.canottiericasale.activities,Canottieri Casale ASD,digital idea srl,Google Store,All,Free,2016-01-12,No,Sports,No,,,0.0,,,0.0
1104996199,ASD Rugby Varese,smartMEway s.a.g.l.,Apple App Store,"iPad, iPhone",Paid,2016-05-06,No,"Sports, Social Networking",No,,,0.0,,,0.0
com.app_asdkidstrust.layout,ASD Kids Trust,UTP Marketing,Google Store,All,Free,2015-02-16,No,Education,No,,,0.0,,,0.0
com.eb.mobbingProject.RugbyVarese,ASD Rugby Varese,smartMEway s.a.g.l.,Google Store,All,Paid,2016-05-10,No,Sports,No,,,0.0,,,0.0
it.asdbesurica.asd_calendario,Asd Besurica 2015/2016,jdsoft73,Google Store,All,Free,2016-02-07,No,Sports,No,,,0.0,,,0.0
com.MyClubTrieste,Asd Trieste Calcio,App4SportClub,Google Store,All,Free,2016-04-09,No,Sports,No,,,0.0,,,0.0
1086717087,ASD & Me,Digital Media Choices,Apple App Store,"iPad, iPhone",Free,2016-02-27,No,"Games, Education",No,,,0.0,,,0.0
net.minhawebradio.radioasdministerio,ASD Santos,BRLOGIC,Google Store,All,Free,2016-03-30,No,Music and Audio,No,,,0.0,,,0.0
1079293804,ASD Training,Elsa Cordero,Apple App Store,"iPad, iPhone",Free,2016-02-04,No,Health & Fitness,No,,,0.0,,,0.0
com.sermones2.zaval.appsermonesnative,Sermones ASD,Benjamin Zavala,Google Store,All,Free,2016-05-12,No,Tools,No,,,0.0,,,0.0
com.relianceco.cma.altoona,Altoona ASD,Custom School App,Google Store,All,Free,2015-03-13,No,Education,No,,,0.0,,,0.0
com.conduit.app_9818ac61ac3149b9b4080edb39b0f33b.app,ASD Irogi,Riccardo Benedetti,Google Store,All,Free,2015-03-10,No,Sports,No,,,0.0,,,0.0
com.gioca.sirone,Asd Oratorio Sirone,MindTek,Google Store,All,Free,2014-05-26,No,Sports,No,,,0.0,,,0.0
com.shwedhamma.asdmyanmarcountrymap,asd Myanmar Country Map,M. Kyin Lin,Google Store,All,Paid,2016-03-28,No,Travel and Local,No,,,0.0,,,0.0
1058959045,ASD Canottieri Casale,Digital Idea srl,Apple App Store,"iPad, iPhone",Free,2016-01-12,No,Sports,No,,,0.0,,,0.0
1080172509,ASD and Me,Hamish Finlayson,Apple App Store,iPad,Free,2016-02-24,No,"Games, Educational (Games), Simulation (Games)",No,,,0.0,,,0.0
com.gioca.montesilvano,Asd Atletico Montesilvano,MindTek,Google Store,All,Free,2014-06-20,No,Sports,No,,,0.0,,,0.0
com.MyClubBacigalupo,Asd Bacigalupo (TO),App4SportClub,Google Store,All,Free,2016-04-03,No,Sports,No,,,0.0,,,0.0
com.sentencebuilderdemo,Sentence Builder ASD/PDD,sum and substance creative educational strategies,Google Store,All,Free,2014-08-09,No,Education,No,,,0.0,,,0.0
1024478673,ASD Autoglas-Schnelldienst,Heise Media Service GmbH & Co. KG,Apple App Store,"iPad, iPhone",Free,2015-08-03,No,"Reference, Business",No,,,0.0,,,0.0
1064126505,3M™ ASD Barcode System,3M Company,Apple App Store,"iPad, iPhone",Free,2016-01-28,No,"Business, Productivity",No,,,0.0,,,0.0
1104985219,ASD Energy Dance,Projects Farm Srl,Apple App Store,"iPad, iPhone",Free,2016-04-24,No,"Sports, Business",No,,,0.0,,,0.0
appinventor.ai_dav_invernizzi.ASD_On_Mobile,ASD On Mobile,tynoschuck,Google Store,All,Free,2016-03-28,No,News and Magazines,No,,,0.0,,,0.0
com.dokyasde.cleaner.speed.booster,Phone Booster (Boost & Clean),Doky Asde,Google Store,All,Free,2016-03-11,No,Tools,No,,,0.0,,,0.0
com.dokyasde.instadownloader,Insta Download for Instagram,Doky Asde,Google Store,All,Free,2016-01-14,No,Tools,No,,,0.0,,,0.0
ca.cloverapps.holdemtimer001,Clover Hold'em Timer,Cloverapps ASD,Google Store,All,Free,2016-03-13,Yes,Entertainment,No,,,0.0,,,0.0
alive.cricket.ast.app,Match Calender,ASD Dev,Google Store,All,Free,2013-03-13,No,Sports,No,,,0.0,,,0.0
com.asd.tmradio,TMRadio,mr. Asd,Google Store,All,Free,2014-08-15,No,Music and Audio,No,,,0.0,,,0.0
com.asdcreative.uzunkopruticaretborsasi,Uzunköprü Ticaret Borsası,ASD Creative Corp.,Google Store,All,Free,2016-05-26,No,Finance,No,,,0.0,,,0.0
com.asdcreative.akpinarVDM,Akpınar VDM,ASD Creative Corp.,Google Store,All,Free,2016-05-03,No,Tools,No,,,0.0,,,0.0
com.asdcreative.yopi_otel,YOPİ OTEL,ASD Creative Corp.,Google Store,All,Free,2016-02-05,No,Travel and Local,No,,,0.0,,,0.0
1029822264,Cloudike Business,ASD Korea Inc.,Apple App Store,"iPad, iPhone",Free,2016-02-23,No,Business,No,,,0.0,,,0.0
com.asdcreative.whoisinfotr,whois.info.tr,ASD Creative Corp.,Google Store,All,Free,2016-01-14,No,Tools,No,,,0.0,,,0.0
com.asdcreative.yopi,YOPİ,ASD Creative Corp.,Google Store,All,Free,2016-02-05,No,Travel and Local,No,,,0.0,,,0.0
com.asdcreative.yukpanosu,Yük Panosu,ASD Creative Corp.,Google Store,All,Free,2016-04-21,No,Tools,No,,,0.0,,,0.0
1076917879,whois.info.tr,ASD TASARIM BILISIM REKLAM MATBAA SANAYI TICARET LIMITED SIRKETI,Apple App Store,"iPad, iPhone",Free,2016-01-25,No,Utilities,No,,,0.0,,,0.0
1055634118,ÖNÇAĞ,ASD TASARIM BILISIM REKLAM MATBAA SANAYI TICARET LIMITED SIRKETI,Apple App Store,"iPad, iPhone",Free,2015-11-11,No,Business,No,,,0.0,,,0.0
1091995025,Google'da Sıra Bulucu,ASD TASARIM BILISIM REKLAM MATBAA SANAYI TICARET LIMITED SIRKETI,Apple App Store,"iPad, iPhone",Free,2016-03-23,No,Utilities,No,,,0.0,,,0.0
com.kevanwiegand.m_chat_r,Autism Screening,"Patient Data Science, LLC. New York, USA",Google Store,All,Free,2016-04-12,No,Health and Fitness,No,,,0.0,,,0.0
com.realsoft.romagnainvolley,Romagna in Volley,Maurizio Morganti,Google Store,All,Free,2016-01-12,No,Sports,No,,,0.0,,,0.0
com.amminex.noxtracker,NOxTracker™ LIVE,JNHAmminex,Google Store,All,Free,2016-02-11,No,Health and Fitness,No,,,0.0,,,0.0
1082670426,NOxTracker™ LIVE,Amminex Emissions Technology A/S,Apple App Store,"iPad, iPhone",Free,2016-02-12,No,"Education, Business",No,,,0.0,,,0.0
1084241387,Astro Pics - Astronomy Picture of the Day,Type440 LLC,Apple App Store,"iPad, iPhone",Free,2016-05-06,No,"Reference, Utilities",No,,,0.0,,,0.0
com.parse.com.mc.savenapp,SavenApp,Matteo Carano,Google Store,All,Free,2016-01-10,No,Sports,No,,,0.0,,,0.0
com.girosoft.pizzichino,Pizzichino,GiRoSoft Startup,Google Store,All,Free,2016-04-26,No,Simulation (Games),No,,,0.0,,,0.0
com.icallel.tempus,TEMPUS,Ignacio Calle León,Google Store,All,Free,2016-04-12,No,Lifestyle,No,,,0.0,,,0.0
com.obtwo.pilecalc,pCalc,Kevin OBrien,Google Store,All,Paid,2013-07-01,No,Productivity,No,,,0.0,,,0.0
1079778687,Turn-Talking,"RJ Cooper & Associates, Inc.",Apple App Store,iPad,Paid,2016-04-20,No,"Education, Health & Fitness",No,,,0.0,,,0.0
1105701548,INSAR,Favequest,Apple App Store,"iPad, iPhone",Free,2016-04-23,No,Business,No,,,0.0,,,0.0
1072762221,Ginnastica Ritmica - EdeRA,DraculApp,Apple App Store,"iPad, iPhone",Free,2016-01-08,No,"Education, Sports",No,,,0.0,,,0.0
com.favequest.mea.insar,INSAR,FaveQuest / MyEventApps,Google Store,All,Free,2016-04-19,No,Business,No,,,0.0,,,0.0
com.drac.ritmica,Ginnastica Ritmica - EdeRA,DraculApp,Google Store,All,Free,2016-01-01,No,Sports,No,,,0.0,,,0.0
1051332455,Assist Helpt,Assist Helpt,Apple App Store,"iPad, iPhone",Free,2016-01-15,No,"Health & Fitness, Productivity",No,,,0.0,,,0.0
app.autism.sanyakhurana.diagnostictoolforautismspectrumdisorder,Autism Spectrum Disorder,Sanya Khurana,Google Store,All,Free,2016-04-15,No,Medical,No,,,0.0,,,0.0
1059186401,My Tummy Hurts - AAC,Michiko Perry,Apple App Store,iPad,Free,2015-11-20,No,Education,No,,,0.0,,,0.0
com.greyolltwit.usajigsaw,USA Jigsaw,Grey Olltwit Software,Google Store,All,Free,2016-04-23,No,Educational (Games),No,,,0.0,,,0.0
ubsfoligno.it,UBS Foligno,BALAB,Google Store,All,Free,2016-03-05,No,Sports,No,,,0.0,,,0.0
com.asistan,ATA - Anlayışlı Türkçe Asistan,OZGUR GUL,Google Store,All,Free,2016-05-15,Yes,Lifestyle,No,,,0.0,,,0.0
1105199987,iBrushTeeth SS,Kensei Ikeda,Apple App Store,iPad,Free,2016-04-21,No,"Education, Health & Fitness",No,,,0.0,,,0.0
melbournepsychology.net.au.melbournecognitivepsychology,Melbourne Cognitive Psychology,Psychology Network Pty Ltd,Google Store,All,Free,2016-05-23,No,Health and Fitness,No,,,0.0,,,0.0
org.greyolltwit.addition,EMW - Addition,Grey Olltwit Educational Software,Google Store,All,Paid,2015-12-05,No,Education,No,,,0.0,,,0.0
com.MyClubArluno,Arluno Calcio 2010,App4SportClub,Google Store,All,Free,2016-03-01,No,Sports,No,,,0.0,,,0.0
1065360416,BimmerLink for BMW,Stephan Gauch,Apple App Store,"iPad, iPhone",Paid,2016-04-06,No,"Productivity, Utilities",No,,,0.0,,,0.0
com.sempliceapp.cablemilano,CableMilano,ITcom,Google Store,All,Free,2016-04-06,No,Entertainment,No,,,0.0,,,0.0
it.peoplexp.fairplayland,Fair Play Land,★★★★★ IQUII srl,Google Store,All,Free,2016-06-01,No,Social,No,,,0.0,,,0.0
1111447116,那好吧 （Moopzz，动态图拼图，那好吧社区出品，密码1024搜索有惊喜）,Fengqi Liu,Apple App Store,"iPad, iPhone",Paid,2016-05-13,No,"Music, Navigation",No,,,0.0,,,0.0
521097292,CathCalc,NihillApps,Apple App Store,"iPad, iPhone",Paid,2012-05-17,No,"Medical, Utilities",No,,,0.0,,,0.0
com.andromo.dev378700.app477118,Aspergers,PattyWalk,Google Store,All,Free,2016-02-23,No,Health and Fitness,No,,,0.0,,,0.0
