com.cubicfrog.edukitchen,Preschool EduKitchen Toddlers!,Cubic Frog® Apps,Google Store,All,Free,2014-08-29,No,Educational (Games),No,123253,,0.0,1352,,0.0
681846474,Musical instruments sounds flashcards and matching pairs game for kids and toddlers,Kidstatic Apps ApS,Apple App Store,"iPad, iPhone",Free,2013-09-23,Yes,"Music, Education",No,70454,,0.0,4135,,0.0
com.cubicfrog.edupaint,Preschool EduPaint Toddlers!,Cubic Frog® Apps,Google Store,All,Free,2014-08-29,No,Educational (Games),No,47373,,0.0,536,,0.0
869844446,Fruits and vegetables flashcards quiz and matching game for toddlers and kids in English,Kidstatic Apps ApS,Apple App Store,"iPad, iPhone",Free,2014-04-30,Yes,"Games, Education, Educational (Games), Family (Games)",No,41501,,0.0,2997,,0.0
375669988,Model Me Going Places 2,"Model Me Kids, LLC",Apple App Store,"iPad, iPhone",Free,2010-07-09,No,Education,Yes,31242,,0.0,0,,0.0
550027186,Autism Emotion,"Model Me Kids, LLC",Apple App Store,"iPad, iPhone",Free,2012-08-10,No,Education,No,20457,,0.0,0,,0.0
636843583,Conversation Therapy Lite - Questions for Expressive Language Pragmatics & Cognition,Tactus Therapy Solutions Ltd.,Apple App Store,"iPad, iPhone",Free,2013-05-26,No,"Medical, Education",No,20302,,0.0,0,,0.0
appinventor.ai_martinpx.Recettes_Minceur_Facile,Recettes Minceur Facile,PureLife Inc.,Google Store,All,Free,2014-11-11,No,Health and Fitness,No,15964,,0.0,0,,0.0
de.appnotize.letmetalk,LetMeTalk: Free AAC Talker,Appnotize UG,Google Store,All,Free,2014-09-25,Yes,Medical,No,15891,,0.0,119,,0.0
537549983,iSEQUENCES LITE,Fundación Planeta Imaginario,Apple App Store,iPad,Free,2012-07-09,No,"Games, Education, Educational (Games)",No,14954,,0.0,0,,0.0
com.eqidz.peppypals,Peppy Pals Farm - Friendship,Peppy Pals,Google Store,All,Paid,2014-08-29,No,Educational (Games),No,13189,,0.0,44810,,0.0
684261444,The Aspergers Test - Determine your Autism Spectrum Quotient using the AQ Diagnostic Assessment,Mark Blakey,Apple App Store,"iPad, iPhone",Free,2013-08-11,No,"Medical, Health & Fitness",No,12467,,0.0,0,,0.0
405441288,Speech with Milo: Verbs,Doonan Speech Therapy,Apple App Store,"iPad, iPhone",Paid,2010-12-02,No,Education,Yes,11282,,0.0,22440,,0.0
com.cauxprod.onmangequoi,On Mange Quoi ?,cauxprod,Google Store,All,Free,2014-10-01,No,Health and Fitness,No,10832,,0.0,0,,0.0
919990138,LetMeTalk,AppNotize UG (haftungsbeschraenkt),Apple App Store,"iPad, iPhone",Free,2014-10-19,No,"Medical, Education",No,9643,,0.0,0,,0.0
air.com.didacticapps.alexordena,Alex learns to sort,Didactic Apps,Google Store,All,Paid,2014-05-01,No,Educational (Games),No,9535,,0.0,21214,,0.0
733542401,PictoPlan,Carsten Rasmussen,Apple App Store,"iPad, iPhone",Free,2013-11-05,Yes,"Medical, Lifestyle",No,9186,,0.0,8512,,0.0
com.eqidz.peppybeach,Peppy Pals Beach - Friendship,Peppy Pals,Google Store,All,Paid,2015-02-23,No,Education,No,8684,,0.0,31725,,0.0
764527872,Volume Sanity,"Coin Development, LLC.",Apple App Store,"iPad, iPhone",Paid,2013-11-28,Yes,"Utilities, Entertainment",No,8446,,0.0,12787,,0.0
957106746,Peppy Pals Beach - Friendship Adventure,Peppy Pals AB,Apple App Store,"iPad, iPhone",Free,2015-02-09,No,"Education, Entertainment",No,8106,,0.0,4305,,0.0
com.didacticsapps.premiun2.alexaprendeavestirse,Alex learns how to dress Full,Didactic Apps,Google Store,All,Paid,2014-07-30,No,Educational (Games),No,8011,,0.0,26869,,0.0
506624913,iSEQUENCES,Fundación Planeta Imaginario,Apple App Store,iPad,Paid,2012-05-22,No,"Education, Entertainment",No,7869,,0.0,19907,,0.0
417190136,Speech with Milo: Prepositions,Doonan Speech Therapy,Apple App Store,"iPad, iPhone",Paid,2011-02-03,No,Education,No,7337,,0.0,14684,,0.0
492631520,Autism Asperger's Digest,Future Horizons,Apple App Store,"iPad, iPhone",Free,2012-01-10,Yes,"Education, Magazines & Newspapers",No,7128,,0.0,38561,,0.0
863344516,Fast ForWord Reading,Scientific Learning Corporation,Apple App Store,iPad,Free,2014-05-01,No,Education,No,6792,,0.0,0,,0.0
956768332,MemoAssist FREE,Hart Designs,Apple App Store,"iPad, iPhone",Free,2015-01-13,Yes,"Productivity, Utilities",No,6659,,0.0,3954,,0.0
com.eqidz.peppyfree,Peppy Pals Farm - Free,Peppy Pals,Google Store,All,Free,2014-08-29,No,Educational (Games),No,6205,,0.0,0,,0.0
com.cubicfrog.edukidsroomfull,EduKidsRoom-PreK&Toddler Games,Cubic Frog® Apps,Google Store,All,Paid,2015-08-18,No,Educational (Games),No,4978,,0.0,9680,,0.0
com.cubicfrog.edukitchenfull,EduKitchen -Toddler Fun Games,Cubic Frog® Apps,Google Store,All,Paid,2015-08-18,No,Educational (Games),No,4542,,0.0,6942,,0.0
896838914,Fast ForWord Literacy,Scientific Learning Corporation,Apple App Store,iPad,Free,2014-07-21,No,Education,No,4510,,0.0,0,,0.0
616179118,Stories to Tell,Anna Stam,Apple App Store,iPad,Paid,2013-05-30,No,"Education, Health & Fitness",No,3952,,0.0,16718,,0.0
620456076,Conversation Therapy - Questions for Expressive Language Pragmatics & Cognition,Tactus Therapy Solutions Ltd.,Apple App Store,"iPad, iPhone",Paid,2013-05-26,No,"Medical, Education",No,3884,,0.0,62280,,0.0
932337109,Touch and Speak: Autism Communication Tool and Methods of Speech Development for Kids with Special Needs,Indigo Kids,Apple App Store,iPad,Free,2015-01-08,Yes,"Games, Education, Educational (Games), Family (Games)",No,3429,,0.0,0,,0.0
apphouse.software.autismspeaks,AAC Autism myVoiceCommunicator,AppHouse Software,Google Store,All,Paid,2013-11-14,No,Education,No,3406,,0.0,10601,,0.0
919840697,Learn Number Tracing & Writing for Kindergarten First and Second Grade Kids FREE,Agnitus,Apple App Store,"iPad, iPhone",Free,2014-10-04,Yes,"Games, Education",No,3387,,0.0,0,,0.0
704606893,FriendMaker,Wiley Publishing,Apple App Store,"iPad, iPhone",Paid,2013-10-09,No,Education,No,3251,,0.0,1799,,0.0
570787918,Social Skill Builder: My School Day,"Social Skill Builder, Inc.",Apple App Store,"iPad, iPhone",Paid,2012-10-25,No,"Games, Education, Educational (Games), Family (Games)",Yes,3146,,0.0,21523,,0.0
923259717,Monster Preschool Tracing ABC Lines Doodling & Hand Writing Puzzle for 3 year old 4 year old & 5 year old kids in Preschool Montessori & Kindergarten : Halloween Theme FREE,Agnitus,Apple App Store,"iPad, iPhone",Free,2014-10-14,Yes,"Games, Education, Educational (Games), Family (Games)",No,3096,,0.0,0,,0.0
com.kuruntham.aspergerstest,AQ Aspergers Test,Mark Blakey,Google Store,All,Free,2014-08-29,No,Medical,No,2989,,0.0,0,,0.0
840919503,Peppy Pals Farm - Friendship Adventure,Peppy Pals AB,Apple App Store,"iPad, iPhone",Free,2014-04-07,No,"Education, Entertainment",Yes,2908,,0.0,6439,,0.0
com.chorohati.memory.food,brain games food memory,chorohati,Google Store,All,Free,2015-07-26,No,Role Playing (Games),No,2884,,0.0,0,,0.0
495102080,Speech With Milo - Adjectives,Doonan Speech Therapy,Apple App Store,"iPad, iPhone",Paid,2012-01-21,No,"Education, Entertainment",No,2689,,0.0,5343,,0.0
918454744,Preschool ABC Spelling Monsters: Phonic Sounds ABC Playtime Syllable Name & Sound Combination Game for 3 year old 4 year old & 5 year old kids FREE,Agnitus,Apple App Store,"iPad, iPhone",Free,2014-09-25,No,"Games, Education",No,2571,,0.0,0,,0.0
554328210,Shelby's Quest,Doodle Therapy Apps,Apple App Store,iPad,Paid,2012-09-06,No,"Medical, Education",Yes,2127,,0.0,7129,,0.0
1037370673,Pasta Maestro,Grand'Italia,Apple App Store,"iPad, iPhone",Free,2015-10-03,No,"Food & Drink, Lifestyle",Yes,2013,,0.0,0,,0.0
486116417,Social Skill Builder Lite,"Social Skill Builder, Inc.",Apple App Store,"iPad, iPhone",Paid,2011-12-13,Yes,"Games, Education, Educational (Games), Family (Games)",No,1977,,0.0,5036,,0.0
971311339,Social Skills for Autism,Doodle Creative,Apple App Store,"iPad, iPhone",Free,2015-04-20,No,"Education, Entertainment",No,1964,,0.0,552,,0.0
de.hardsoftco.autismawareness,Autism Awareness LW,HardSoftCo,Google Store,All,Paid,2013-04-13,No,Casual (Games),No,1848,,0.0,3675,,0.0
975189305,Social Detective,"Social Skill Builder, Inc.",Apple App Store,"iPad, iPhone",Paid,2015-04-24,No,Education,No,1846,,0.0,22320,,0.0
com.ik.autism_rfc1034identifier,Touch and Speak: Autism AAC,Indigo Kids,Google Store,All,Free,2014-12-17,Yes,Educational (Games),No,1782,,0.0,1054,,0.0
686934049,Voice Meter Pro,Peter Andrews,Apple App Store,"iPad, iPhone",Paid,2013-08-18,No,"Games, Education",No,1698,,0.0,2924,,0.0
com.milo.verbs,Speech with Milo: Verbs,Speech with Milo,Google Store,All,Paid,2013-09-24,No,Education,No,1607,,0.0,4765,,0.0
916156843,Preschool Tracing ABC Airplane Lines Doodling & Hand Writing Puzzle for 3 year old 4 year old & 5 year old kids in Preschool Montessori & Kindergarten FREE,Agnitus,Apple App Store,"iPad, iPhone",Free,2014-09-25,Yes,"Games, Education, Educational (Games), Family (Games)",No,1556,,0.0,0,,0.0
528569793,Communicate Easy - Autism App for iPad for Special Needs Communication,Pluja Apps Limited,Apple App Store,iPad,Paid,2012-07-17,No,"Medical, Education",No,1527,,0.0,4161,,0.0
899522586,I Can Have Conversations With You!™,"Autism Breakthrough Solutions, LLC",Apple App Store,iPad,Paid,2015-02-04,No,Education,No,1516,,0.0,21286,,0.0
531965995,Fruits Légumes et Plantes Santé,Hatim hatim,Apple App Store,"iPad, iPhone",Paid,2012-06-07,No,"Health & Fitness, Lifestyle",No,1364,,0.0,929,,0.0
324643198,iReward,Grembe Inc.,Apple App Store,"iPad, iPhone",Paid,2009-07-31,No,"Education, Lifestyle",Yes,1268,,0.0,2519,,0.0
562582441,Sono Flex Lite BP,Tobii Dynavox LLC,Apple App Store,"iPad, iPhone",Free,2012-10-10,No,Education,No,1263,,0.0,0,,0.0
com.agnitus.play.tracinglineshalloweeen.halloween.paid,Write Learn ABC Letter Tracing,Agnitus,Google Store,All,Paid,2014-10-16,No,Educational (Games),No,1185,,0.0,2345,,0.0
919865367,Block Stack : Shape & Logic Puzzle by Agnitus for Toddlers Preschool Kindergarten & First Grade Kids FREE,Agnitus,Apple App Store,"iPad, iPhone",Free,2014-10-04,No,"Games, Education, Educational (Games), Puzzle (Games)",No,1179,,0.0,0,,0.0
456376682,Knock Knock Numbers -  Joke Telling and Conversations Tool for Autism Aspergers Down Syndrome & Special Education,Touch Autism,Apple App Store,"iPad, iPhone",Paid,2011-08-19,No,"Games, Education, Educational (Games)",No,1030,,0.0,2135,,0.0
com.shailah.BuZooStoryPaid,A BuZoo Story,Shailah Interactive,Google Store,All,Paid,2013-04-16,No,Educational (Games),No,927,,0.0,13425,,0.0
com.rescue.kloog,Social Skills for Autism,Shine Centre for Autism,Google Store,All,Free,2015-03-31,No,Education,No,920,,0.0,4242,,0.0
696517737,Social Skills Play – Interactive and fun social scenarios for Preschool Autism Aspergers Down Syndrome and Special Needs.,Master Social Skills Pty Ltd,Apple App Store,"iPad, iPhone",Paid,2013-11-20,No,"Reference, Education",No,896,,0.0,1835,,0.0
916131276,Race & Trace : Intro to Tracing & Writing Number Doodle and Math Symbols for kids FREE,Agnitus,Apple App Store,"iPad, iPhone",Free,2014-09-26,Yes,"Games, Education, Educational (Games), Word (Games)",No,869,,0.0,0,,0.0
918450953,Preschool ABC Spelling Aliens: Phonic Sounds ABC Playtime - Syllable name & Sound Combination Playtime for 3 year old 4 year old & 5 year old kids FREE,Agnitus,Apple App Store,"iPad, iPhone",Free,2014-09-25,Yes,"Games, Education, Educational (Games), Family (Games)",No,840,,0.0,0,,0.0
349835339,Look In My Eyes 1 Restaurant,FIZZBRAIN LLC,Apple App Store,"iPad, iPhone",Paid,2010-01-12,No,"Games, Education, Educational (Games)",Yes,775,,0.0,1502,,0.0
518990102,Asperge App,BlueTea BV,Apple App Store,"iPad, iPhone",Free,2012-04-20,No,"Navigation, Utilities",No,772,,0.0,0,,0.0
nl.tamtam.granditalia,Pasta Maestro,Grand'Italia,Google Store,All,Free,2015-09-23,No,Lifestyle,No,737,,0.0,0,,0.0
919835028,Rocky ABCD Colors Shapes & Alphabet Playtime : Fundamental Skills Learning Series for Montessori FREE,Agnitus,Apple App Store,"iPad, iPhone",Free,2014-10-04,No,"Games, Education, Educational (Games), Family (Games)",No,710,,0.0,0,,0.0
nl.mijneigenplan.app,MijnEigenPlan,AutiPlan.com,Google Store,All,Free,2015-04-14,No,Health and Fitness,No,663,,0.0,0,,0.0
916165151,Bunny Spelling ABC: Syllable Name & Phonic Sounds Combination ABC Playtime for 34 & 5 year old kids FREE,Agnitus,Apple App Store,"iPad, iPhone",Free,2014-09-30,Yes,"Games, Education, Educational (Games), Family (Games)",No,659,,0.0,0,,0.0
436689262,MemoAssist,Hart Designs,Apple App Store,"iPad, iPhone",Paid,2011-05-18,No,"Medical, Utilities",No,651,,0.0,20195,,0.0
695469367,Planet Asperger,ELAMEDIA S.L.,Apple App Store,"iPad, iPhone",Paid,2013-09-09,No,"Entertainment, Photo & Video",No,638,,0.0,5164,,0.0
970097639,What's That Sound?,Totalidea Software GmbH,Apple App Store,iPad,Free,2015-03-11,Yes,Education,No,617,,0.0,0,,0.0
982297799,BudEye Calendar,HB Sundboms HS Konsult,Apple App Store,"iPad, iPhone",Free,2015-07-14,Yes,"Medical, Utilities",No,614,,0.0,166,,0.0
com.kidstatic.fruitvegetablesenglish,Fruits & vegetables toddlers,Kidstatic Apps,Google Store,All,Paid,2013-08-18,No,Education,No,596,,0.0,1138,,0.0
862363656,Alex learns to sort,Didactic Apps,Apple App Store,"iPad, iPhone",Paid,2014-05-01,No,"Medical, Education",No,541,,0.0,713,,0.0
954753893,Cognitive Behavioral Therapy - Overcoming Stress,Kevin O Brien,Apple App Store,"iPad, iPhone",Paid,2015-01-06,No,"Reference, Health & Fitness",No,529,,0.0,1084,,0.0
704876040,Turn Taker - Social Story & Sharing Tool,Touch Autism,Apple App Store,"iPad, iPhone",Paid,2013-09-19,No,"Games, Education, Educational (Games), Family (Games)",Yes,505,,0.0,1013,,0.0
919830429,Shape Puzzle Saga : Learn about Shape Size & Jigsaw for Preschool & Kindergarten Age Kids FREE,Agnitus,Apple App Store,"iPad, iPhone",Free,2014-10-04,Yes,"Games, Education, Educational (Games), Puzzle (Games)",No,502,,0.0,0,,0.0
355682603,My Name is Khan - Official Game,Hungama Digital Media Entertainment Pvt. Ltd.,Apple App Store,"iPad, iPhone",Paid,2010-02-15,No,"Games, Trivia (Games), Puzzle (Games), Entertainment",No,493,,0.0,343,,0.0
919830764,Sort by Size - Learn Basic Counting & Improve Problem Solving Skills for 1st Grade Kids FREE,Agnitus,Apple App Store,"iPad, iPhone",Free,2014-10-04,Yes,"Games, Education, Puzzle (Games), Family (Games)",No,466,,0.0,0,,0.0
994899641,iDo Hygiene –Daily life skills activities for individuals with special needs (full version),C.E.T - THE CENTER FOR EDUCATIONAL TECHNOLOGY,Apple App Store,iPad,Paid,2015-06-14,No,Education,No,456,,0.0,1914,,0.0
358972670,Eye Contact - Toybox,FIZZBRAIN LLC,Apple App Store,"iPad, iPhone",Paid,2010-03-02,No,"Games, Education, Educational (Games)",No,446,,0.0,835,,0.0
com.MySocialStories,MySocialStories,SDKAPPS,Google Store,All,Paid,2014-08-08,No,Medical,No,428,,0.0,1058,,0.0
549731884,Planner Guide,Web Ascender,Apple App Store,"iPad, iPhone",Free,2012-08-21,No,"Reference, Education",No,399,,0.0,0,,0.0
com.bdfihggggf.edhbdfihggggf,Autism World Magazine,MagsWest Publishing Pty. Ltd.,Google Store,All,Free,2014-08-26,Yes,News and Magazines,No,389,,0.0,0,,0.0
495527171,I am a child: Just Like You,Miss Pivot,Apple App Store,"iPad, iPhone",Paid,2012-01-24,No,"Education, Books",No,379,,0.0,744,,0.0
435883237,(Spanish) Speech with Milo: Verbs,Doonan Speech Therapy,Apple App Store,"iPad, iPhone",Paid,2011-05-13,No,Education,No,379,,0.0,780,,0.0
456940598,Sōsh™ Lite,Dr. Mark Bowers,Apple App Store,"iPad, iPhone",Free,2011-08-18,No,"Education, Lifestyle",No,351,,0.0,0,,0.0
558161781,Avaz Pro - AAC App for Autism (Augmentative Picture Communication Software for Children with Special Needs),"Avaz, Inc.",Apple App Store,iPad,Paid,2012-09-18,No,"Medical, Education",No,334,,0.0,35208,,0.0
613228635,Grimace,Oliver Spindler,Apple App Store,"iPad, iPhone",Paid,2013-03-15,No,"Reference, Education",No,305,,0.0,208,,0.0
684656452,自闭症测试,YU MEI HUANG,Apple App Store,"iPad, iPhone",Paid,2013-08-13,No,Medical,No,269,,0.0,364,,0.0
com.agnitus.play.shapebuildingmonsters.halloween.paid,Tri Angle- Learn Shapes Puzzle,Agnitus,Google Store,All,Paid,2014-10-16,No,Educational (Games),No,245,,0.0,487,,0.0
627892435,National Autistic Society: Take Action,hcetech,Apple App Store,"iPad, iPhone",Free,2013-04-04,No,"Reference, Utilities",No,229,,0.0,0,,0.0
435884050,(Spanish) Speech with Milo: Prepositions,Doonan Speech Therapy,Apple App Store,"iPad, iPhone",Paid,2011-05-13,No,Education,No,229,,0.0,477,,0.0
442685559,Sōsh™,Dr. Mark Bowers,Apple App Store,"iPad, iPhone",Paid,2011-06-15,No,"Education, Lifestyle",No,218,,0.0,5842,,0.0
933635827,Planet Hearwell Zone,The Listening Lab,Apple App Store,iPad,Free,2014-12-03,No,"Education, Entertainment",No,208,,0.0,0,,0.0
923259804,Preschool Tracing Lines Doodling & Hand Writing Puzzle for for Kids: Halloween Theme FREE,Agnitus,Apple App Store,"iPad, iPhone",Free,2014-10-14,Yes,"Games, Education, Educational (Games), Family (Games)",No,199,,0.0,0,,0.0
488183153,Social Navigator,Seven Minds,Apple App Store,"iPad, iPhone",Paid,2011-12-16,No,"Education, Lifestyle",No,195,,0.0,6165,,0.0
com.conduit.app_cfde2a69e8ec4d49917206a5f275ba28.app,Asperger Child,Janelle Wall,Google Store,All,Paid,2015-05-04,No,Education,No,184,,0.0,347,,0.0
395347869,SymTrend Toilet,"SymTrend, Inc.",Apple App Store,"iPad, iPhone",Free,2010-10-15,No,"Education, Health & Fitness",No,171,,0.0,0,,0.0
916161767,Candy Bricks - Shape Building Jigsaw Puzzle for Toddlers in Preschool Kindergarten & 1st Grade FREE,Agnitus,Apple App Store,"iPad, iPhone",Free,2014-10-08,Yes,"Games, Education, Educational (Games), Puzzle (Games)",No,167,,0.0,0,,0.0
667785615,Kidz@GCU Hospital,Darcelle Hinze,Apple App Store,"iPad, iPhone",Free,2013-07-16,No,"Games, Education, Educational (Games)",No,166,,0.0,0,,0.0
973895146,3D CubeMaster,Totalidea Software GmbH,Apple App Store,iPad,Free,2015-03-11,No,"Games, Educational (Games), Education, Family (Games)",No,161,,0.0,0,,0.0
975195820,3D BodyMaster,Totalidea Software GmbH,Apple App Store,iPad,Free,2015-03-17,No,"Games, Educational (Games), Education, Family (Games)",No,160,,0.0,0,,0.0
961408546,Asperger Child,Janelle Wall,Apple App Store,"iPad, iPhone",Paid,2015-03-08,No,Education,No,144,,0.0,182,,0.0
449076204,iHowTo-Book,Kensei Ikeda,Apple App Store,"iPad, iPhone",Free,2011-07-18,No,"Education, Books",No,140,,0.0,0,,0.0
com.ksl.aspimath,TickTock! fun maths game.,KSLsoft,Google Store,All,Paid,2015-10-03,No,Casual (Games),No,138,,0.0,115,,0.0
1053909722,Amora - Learning Games for Kids and Toddlers with Aspergers Autistic Spectrum and sensory issues.,Antonio Ramon Vasconcelos de Freitas,Apple App Store,"iPad, iPhone",Paid,2015-11-10,No,"Games, Education, Educational (Games), Puzzle (Games)",No,125,,0.0,273,,0.0
430255912,Autism Wallpaper!,Stafford Signs,Apple App Store,"iPad, iPhone",Paid,2011-04-12,No,Lifestyle,No,125,,0.0,86,,0.0
com.adhd.life,LIFE :),High Definition Services,Google Store,All,Paid,2015-07-10,No,Health and Fitness,No,121,,0.0,111,,0.0
1001090017,I Can Have Conversations With You!™ - #2 - Novice Skill Level,"Autism Breakthrough Solutions, LLC",Apple App Store,iPad,Paid,2015-07-24,No,"Medical, Education",No,113,,0.0,1147,,0.0
1038020038,A game of Onions,Mr Sandbox,Apple App Store,"iPad, iPhone",Paid,2015-09-12,No,"Games, Strategy (Games), Puzzle (Games)",No,112,,0.0,0,,0.0
568584776,Avaz India - AAC App for Autism (Augmentative Picture Communication Software for Children with Special Needs),"Avaz, Inc.",Apple App Store,iPad,Paid,2012-10-16,No,"Medical, Education",No,112,,0.0,7376,,0.0
945122730,:prose,"Smartstones, Inc.",Apple App Store,"iPad, iPhone",Paid,2015-04-04,Yes,"Medical, Education",Yes,111,,0.0,0,,0.0
919898509,Kids Shape Puzzle Game: Learn about Shapes Sizes Space  for PreschoolKindergarten & Grade 1 FREE,Agnitus,Apple App Store,"iPad, iPhone",Free,2014-10-04,Yes,"Games, Education, Educational (Games), Puzzle (Games)",No,106,,0.0,0,,0.0
924794932,Monster Preschool Tracing ABC Lines Doodling & Hand Writing Puzzle for 3 year old 4 year old & 5 year old kids in Preschool Montessori & Kindergarten : Halloween Theme,Agnitus,Apple App Store,"iPad, iPhone",Paid,2014-10-15,No,"Games, Education, Educational (Games), Family (Games)",No,104,,0.0,141,,0.0
dk.exakt.SymbolKommunikation,Symbolkommunikation,EXAKT,Google Store,All,Free,2014-09-26,No,Education,No,88,,0.0,0,,0.0
com.agnitus.play.tracinglinesmonsters.halloween.paid,Smart Shape- Kids Tracing Game,Agnitus,Google Store,All,Paid,2014-10-16,No,Educational (Games),No,87,,0.0,39,,0.0
appinventor.ai_apps4autism.Apps4Autism_AspergersAQ,APPS 4 AUTISM The Aspergers AQ,VideoKrack,Google Store,All,Free,2015-05-06,No,Medical,No,83,,0.0,0,,0.0
897824357,Block Stack : Shape & Logic Puzzle by Agnitus FULL,Agnitus,Apple App Store,"iPad, iPhone",Paid,2014-07-31,No,"Games, Education, Educational (Games), Family (Games)",No,83,,0.0,112,,0.0
951301779,Wiggly Stories,Becky Bush,Apple App Store,iPad,Free,2015-01-11,No,Education,No,78,,0.0,235,,0.0
458050161,JVA Stammheim Semesterprojekt Andreas Magdanz,MagBooks,Apple App Store,"iPad, iPhone",Free,2011-08-23,No,"Books, Photo & Video",No,78,,0.0,0,,0.0
897825915,Shape Puzzle Saga : Learn about Shape Size & Jigsaw for Preschool & Kindergarten Age Kids FULL,Agnitus,Apple App Store,"iPad, iPhone",Paid,2014-07-31,No,"Games, Education, Educational (Games), Puzzle (Games)",No,76,,0.0,53,,0.0
973509340,What's That Shadow,Totalidea Software GmbH,Apple App Store,iPad,Free,2015-03-11,No,"Games, Educational (Games), Education, Family (Games)",No,75,,0.0,0,,0.0
786676546,Discovering Emotions with Zeely - Educational Tool for Learning Emotions,Virtual EyeSee,Apple App Store,iPad,Paid,2014-01-19,No,"Medical, Education",No,75,,0.0,970,,0.0
com.agnitus.play.hangingcolorshalloween.halloween.paid,Pumpkin Colors Playtime FULL,Agnitus,Google Store,All,Paid,2014-10-16,No,Educational (Games),No,74,,0.0,24,,0.0
390587517,Look In My Eyes Dinosaur,FIZZBRAIN LLC,Apple App Store,"iPad, iPhone",Paid,2010-09-15,No,"Games, Education, Educational (Games)",No,74,,0.0,140,,0.0
com.avazapp.autism.en.avaz,Avaz - AAC App for Autism,Avaz Inc.,Google Store,All,Paid,2014-09-09,No,Education,No,69,,0.0,8939,,0.0
922952477,Halloween Phonics & Spelling: Learn ABC Alphabet Names for Kids FREE,Agnitus,Apple App Store,"iPad, iPhone",Free,2014-10-14,Yes,"Games, Education, Educational (Games), Family (Games)",No,68,,0.0,0,,0.0
com.dunedinmultimedia.aspiegirl,AspieGirl,Dunedin Multimedia,Google Store,All,Paid,2013-07-22,No,Health and Fitness,No,65,,0.0,66,,0.0
com.agnitus.play.senseofspellinghalloween.halloween.paid,Smart Spelling- Learn to Spell,Agnitus,Google Store,All,Paid,2014-10-16,No,Educational (Games),No,62,,0.0,0,,0.0
779305002,Emotion Fonts,Allison McCrohan,Apple App Store,"iPad, iPhone",Paid,2013-12-31,No,"Utilities, Social Networking",No,59,,0.0,40,,0.0
923997149,Avaz Español - AAC App para el autismo (Software de comunicación aumentativa Imagen para Niños con Necesidades Especiales),"Avaz, Inc.",Apple App Store,iPad,Paid,2014-10-16,No,"Medical, Education",No,57,,0.0,4847,,0.0
593442556,Marie's Words Plus HD,Marie's Words,Apple App Store,iPad,Paid,2013-01-20,No,"Education, Business",No,56,,0.0,776,,0.0
air.atebol.sgiliaucymdeithasol.UsingTheToilet,Using the toilet,Atebol,Google Store,All,Paid,2014-05-28,No,Education,No,54,,0.0,44,,0.0
com.honey.diseasefaq,Medical disease FAQ,Honey Computing Services,Google Store,All,Paid,2014-06-27,No,Medical,No,53,,0.0,110,,0.0
air.com.fundacionplanetaimaginario.isequenceslite,iSEQUENCES LITE,FUNDACION PLANETA IMAGINARIO,Google Store,All,Free,2013-12-16,No,Education,No,51,,0.0,0,,0.0
486080789,Autie Aspie Life,Douglas S Sparling,Apple App Store,"iPad, iPhone",Free,2011-12-09,No,"News, Medical",No,48,,0.0,0,,0.0
886763972,Indiana Health Group,Kurt Snyder,Apple App Store,"iPad, iPhone",Free,2014-06-16,No,Medical,No,47,,0.0,0,,0.0
904969626,MySocialStories,SDKAPPS,Apple App Store,"iPad, iPhone",Paid,2014-08-14,No,"Medical, Education",No,47,,0.0,94,,0.0
475243167,Look in My Eyes: Math Facts,FIZZBRAIN LLC,Apple App Store,"iPad, iPhone",Paid,2011-11-01,No,"Education, Entertainment",No,45,,0.0,94,,0.0
air.atebol.sgiliaucymdeithasol.Undressing,Undressing,Atebol,Google Store,All,Paid,2014-05-27,No,Education,No,41,,0.0,27,,0.0
975104570,3D StackMaster,Totalidea Software GmbH,Apple App Store,iPad,Free,2015-03-11,No,"Games, Education, Educational (Games), Family (Games)",No,41,,0.0,0,,0.0
575476804,ASD Browser,Dynamics Therapy Centre for Kids Pte Ltd,Apple App Store,iPad,Paid,2012-11-29,No,"Education, Lifestyle",No,38,,0.0,24,,0.0
880608265,Jungle Crystal,Donnie Roland,Apple App Store,"iPad, iPhone",Free,2014-05-23,No,"Games, Action (Games), Adventure (Games)",No,37,,0.0,0,,0.0
415156599,Eye Contact - Zoo,FIZZBRAIN LLC,Apple App Store,"iPad, iPhone",Paid,2011-01-20,No,"Education, Health & Fitness",No,36,,0.0,75,,0.0
932736764,Asperger Syndrome Awareness,Tobit.Software,Apple App Store,"iPad, iPhone",Free,2014-11-01,No,Lifestyle,No,32,,0.0,0,,0.0
com.phonegap.TurnTaker,Turn Taker - Autism,Touch Autism,Google Store,All,Paid,2010-10-31,No,Education,No,32,,0.0,71,,0.0
688640586,The Mighty League Vol 1 - The Terrible Taunting - A Blackfish Children's Book,Customizabooks LLC,Apple App Store,"iPad, iPhone",Free,2013-09-02,No,"Games, Educational (Games), Books, Family (Games)",No,31,,0.0,86,,0.0
971720005,Table it! – Students with special needs learn to organize their world of knowledge,C.E.T - THE CENTER FOR EDUCATIONAL TECHNOLOGY,Apple App Store,iPad,Paid,2015-09-29,No,Education,No,31,,0.0,109,,0.0
es11400.L1HSA15,Historia Síndrome de Asperger,"PSYLICOM, S.L.",Google Store,All,Paid,2015-06-23,No,Books and Reference,No,30,,0.0,147,,0.0
air.atebol.sgiliaucymdeithasol.Dressing,Dressing,Atebol,Google Store,All,Paid,2014-05-28,No,Education,No,30,,0.0,22,,0.0
351230614,Look In My Eyes 2 Car Mechanic,FIZZBRAIN LLC,Apple App Store,"iPad, iPhone",Paid,2010-01-20,No,"Games, Education, Educational (Games)",No,30,,0.0,62,,0.0
970393328,Aspergers Symptoms - General Information,Gary O Brien,Apple App Store,"iPad, iPhone",Paid,2015-03-04,No,"Medical, Education",No,29,,0.0,58,,0.0
949216821,Chwythu Trwyn / Blowing your Nose,Atebol Cyfyngedig,Apple App Store,"iPad, iPhone",Paid,2014-12-18,No,"Education, Health & Fitness",No,29,,0.0,18,,0.0
1017626555,LIFE :),Natasha Staunton,Apple App Store,"iPad, iPhone",Paid,2015-07-25,No,"Health & Fitness, Lifestyle",No,27,,0.0,17,,0.0
air.atebol.sgiliaucymdeithasol.BlowingYourNose,Blowing your nose,Atebol,Google Store,All,Paid,2014-05-28,No,Education,No,26,,0.0,21,,0.0
495032459,oogie,fractallonomy,Apple App Store,"iPad, iPhone",Free,2012-04-30,No,"Music, Entertainment",No,26,,0.0,0,,0.0
382187914,Autism - Essential Guide to Finally Understanding Autism,AppWarrior,Apple App Store,"iPad, iPhone",Paid,2010-07-22,No,"Medical, Health & Fitness",No,26,,0.0,18,,0.0
939471621,Ble i Gyffwrdd yn yr Ysgol / Where to Touch in School,Atebol Cyfyngedig,Apple App Store,"iPad, iPhone",Paid,2014-11-20,No,"Medical, Education",No,25,,0.0,17,,0.0
922957135,Learn to Read Series : Creepy Crawly Bones ABCD for Montessori,Agnitus,Apple App Store,"iPad, iPhone",Paid,2014-10-15,No,"Games, Education, Educational (Games), Family (Games)",No,25,,0.0,52,,0.0
939465319,Golchi Dwylo / Wash Hands,Atebol Cyfyngedig,Apple App Store,"iPad, iPhone",Paid,2014-11-21,No,"Medical, Education",No,24,,0.0,16,,0.0
air.atebol.sgiliaucymdeithasol.PhysicalBullying,Physical bullying,Atebol,Google Store,All,Paid,2014-05-27,No,Education,No,22,,0.0,18,,0.0
939465307,Mynd i’r Toiled / Using the Toilet,Atebol Cyfyngedig,Apple App Store,"iPad, iPhone",Paid,2014-11-21,No,"Medical, Education",No,22,,0.0,14,,0.0
954147909,testimo,Pablo Alvarez,Apple App Store,"iPad, iPhone",Free,2015-01-15,No,"Education, Health & Fitness",No,22,,0.0,0,,0.0
com.hyp.mobi.app028,Aspergers Husband,MobiXprexx,Google Store,All,Paid,2014-09-28,No,Health and Fitness,No,21,,0.0,44,,0.0
air.atebol.sgiliaucymdeithasol.HowToTakeAShower,How to take a shower,Atebol,Google Store,All,Paid,2014-05-27,No,Education,No,21,,0.0,18,,0.0
com.makemedroid.keyd2aaf0e7,Black Religion,AdoraBatBrat,Google Store,All,Paid,2014-08-29,No,Music and Audio,No,21,,0.0,16,,0.0
ch.asperger_ag.VisualHelper,Visual Helper (beta),Asperger AG,Google Store,All,Free,2015-04-24,No,Education,No,20,,0.0,0,,0.0
897813240,Learn Number Tracing & Writing for Kindergarten First and Second Grade Kids,Agnitus,Apple App Store,"iPad, iPhone",Paid,2014-07-31,No,"Games, Education, Educational (Games), Simulation (Games)",No,20,,0.0,27,,0.0
897420105,Rocky ABCD Colors Shapes & Alphabet Playtime : Fundamental Skills Learning Series for Montessori,Agnitus,Apple App Store,"iPad, iPhone",Paid,2014-08-01,No,"Games, Education, Educational (Games), Puzzle (Games)",No,19,,0.0,23,,0.0
922019220,Race & Trace : Intro to Tracing Numbers & Math Symbols FULL,Agnitus,Apple App Store,"iPad, iPhone",Paid,2014-10-05,No,"Games, Education",No,19,,0.0,25,,0.0
aba.materials.sounds,205 Sounds for cellphone,helpingtogrow,Google Store,All,Paid,2013-01-21,No,Education,No,17,,0.0,24,,0.0
com.brianmaki.camdevelop,Cam’s Developmental Preschool,Mobos Interactive,Google Store,All,Paid,2012-07-20,No,Education,No,17,,0.0,11,,0.0
922016770,Monster Spelling ABC & Phonic Sounds FULL,Agnitus,Apple App Store,"iPad, iPhone",Paid,2014-10-08,No,"Games, Education",No,17,,0.0,22,,0.0
922399355,Airplane Line Tracing & Hand Writing FULL,Agnitus,Apple App Store,"iPad, iPhone",Paid,2014-10-04,No,"Games, Education",No,17,,0.0,23,,0.0
air.atebol.sgiliaucymdeithasol.HowToDryMyself,How to dry myself,Atebol,Google Store,All,Paid,2014-05-28,No,Education,No,16,,0.0,11,,0.0
air.atebol.sgiliaucymdeithasol.HowToWashHairInABath,How to wash hair in a bath,Atebol,Google Store,All,Paid,2014-05-28,No,Education,No,15,,0.0,10,,0.0
780583966,AutoVerbal UK Talking Soundboard for Non-Verbal (Autism Asperger's Aphasia) with Australian British Irish South African voices,"No Tie, LLC",Apple App Store,"iPad, iPhone",Paid,2013-12-18,No,"Education, Health & Fitness",No,14,,0.0,97,,0.0
949216759,Bwlio Geiriol / Verbal Bullying,Atebol Cyfyngedig,Apple App Store,"iPad, iPhone",Paid,2014-12-18,No,"Education, Health & Fitness",No,14,,0.0,8,,0.0
air.atebol.sgiliaucymdeithasol.MakingContact,Making contact,Atebol,Google Store,All,Paid,2014-05-27,No,Education,No,14,,0.0,10,,0.0
939257129,Sefyll Mewn Llinell / Standing in Line,Atebol Cyfyngedig,Apple App Store,"iPad, iPhone",Paid,2014-11-20,No,"Medical, Education",No,13,,0.0,8,,0.0
608080783,iSpeakUpStory,Kensei Ikeda,Apple App Store,"iPad, iPhone",Paid,2013-03-13,No,"Education, Books",No,13,,0.0,18,,0.0
922957628,Halloween Phonics & Spelling: Learn ABC Alphabet Names & Shape Playtime for Kids,Agnitus,Apple App Store,"iPad, iPhone",Paid,2014-10-13,No,"Games, Education, Educational (Games), Family (Games)",No,13,,0.0,16,,0.0
939465787,Ennill a Cholli / Winning and Losing,Atebol Cyfyngedig,Apple App Store,"iPad, iPhone",Paid,2014-11-20,No,"Medical, Education",No,11,,0.0,6,,0.0
375925919,Mental Disorders,Malik Mubbshir,Apple App Store,iPad,Paid,2010-06-07,No,"Health & Fitness, Utilities",No,11,,0.0,38,,0.0
786236023,Dag van de Citymarketing 2014,Seabiscuit,Apple App Store,"iPad, iPhone",Free,2014-01-01,No,"Business, Utilities",No,11,,0.0,0,,0.0
392186572,Look In My Eyes 3 Undersea,FIZZBRAIN LLC,Apple App Store,"iPad, iPhone",Paid,2010-09-22,No,"Education, Entertainment",No,11,,0.0,23,,0.0
939458807,Gwisgo / Dressing,Atebol Cyfyngedig,Apple App Store,"iPad, iPhone",Paid,2014-11-21,No,"Medical, Education",No,10,,0.0,7,,0.0
939469620,Gofyn am Help yn yr Ysgol / Asking for Help at School,Atebol Cyfyngedig,Apple App Store,"iPad, iPhone",Paid,2014-11-21,No,"Medical, Education",No,10,,0.0,7,,0.0
949216765,Bwlio ar Sgrin / On Screen Bullying,Atebol Cyfyngedig,Apple App Store,"iPad, iPhone",Paid,2015-01-09,No,"Education, Health & Fitness",No,10,,0.0,7,,0.0
com.andrewfortiersoftware.aeqaf,Asperger's Eval Tool (Ad Free),Andrew Fortier,Google Store,All,Paid,2015-07-31,No,Health and Fitness,No,9,,0.0,13,,0.0
air.atebol.sgiliaucymdeithasol.KindHands,Kind Hands,Atebol,Google Store,All,Paid,2014-05-28,No,Education,No,9,,0.0,6,,0.0
air.atebol.sgiliaucymdeithasol.WashHands,Washing hands,Atebol,Google Store,All,Paid,2014-05-28,No,Education,No,9,,0.0,6,,0.0
593440026,Marie's Words Plus,Marie's Words,Apple App Store,"iPad, iPhone",Paid,2013-01-20,No,"Education, Business",No,9,,0.0,126,,0.0
aba.materials.soundstablet,205 Sounds for 10in tablet,helpingtogrow,Google Store,All,Paid,2013-01-29,No,Education,No,9,,0.0,17,,0.0
412683190,Smile at Me,FIZZBRAIN LLC,Apple App Store,"iPad, iPhone",Paid,2011-01-05,No,"Education, Health & Fitness",No,9,,0.0,17,,0.0
ch.asperger_ag.memestrator_free,MEMEstrator Free,Asperger AG,Google Store,All,Free,2015-07-10,No,Entertainment,No,8,,0.0,0,,0.0
air.atebol.sgiliaucymdeithasol.TimeToFinish,Time to finish,Atebol,Google Store,All,Paid,2014-05-27,No,Education,No,8,,0.0,5,,0.0
air.atebol.sgiliaucymdeithasol.WhereToTouchInSchool,Where to touch (in school),Atebol,Google Store,All,Paid,2014-05-27,No,Education,No,8,,0.0,4,,0.0
843714846,Autismtc,Isaac Perach,Apple App Store,"iPad, iPhone",Free,2014-03-29,No,"Medical, Education",No,8,,0.0,0,,0.0
air.MyFirstABC,Upper Case. - Autism,ColorsKit,Google Store,All,Paid,2011-11-08,No,Education,No,8,,0.0,4,,0.0
919101009,1 on 1: Communicate Easy - Autism App for iPad,Pluja Apps Limited,Apple App Store,iPad,Free,2015-12-12,No,"Medical, Education",No,8,,0.0,0,,0.0
com.tapatalk.aspiescentralcom,Asperger's & Autism Community,Whipp Media LLC,Google Store,All,Free,2015-02-13,No,Social,No,7,,0.0,0,,0.0
949216697,Sut i gael Cawod / How to take a Shower,Atebol Cyfyngedig,Apple App Store,"iPad, iPhone",Paid,2014-12-17,No,"Education, Health & Fitness",No,7,,0.0,4,,0.0
air.atebol.sgiliaucymdeithasol.GoingToTheDentist,Going to the dentist,Atebol,Google Store,All,Paid,2014-05-27,No,Education,No,7,,0.0,4,,0.0
939471209,Dwylo Caredig / Kind Hands,Atebol Cyfyngedig,Apple App Store,"iPad, iPhone",Paid,2014-11-20,No,"Medical, Education",No,7,,0.0,4,,0.0
939471498,Gwneud Cyswllt / Making Contact,Atebol Cyfyngedig,Apple App Store,"iPad, iPhone",Paid,2014-11-21,No,"Medical, Education",No,7,,0.0,4,,0.0
air.atebol.BrwsioDanneddDimDwr,Brushing teeth without water,Atebol,Google Store,All,Paid,2014-10-28,No,Education,No,7,,0.0,9,,0.0
com.didacticsapps.alexaprendeavestirse,Alex learns how to dress,Didactic Apps,Google Store,All,Free,2014-08-06,No,Education,No,7,,0.0,0,,0.0
924794992,Preschool Tracing Lines Doodling & Hand Writing Puzzle for for Kids: Halloween Theme,Agnitus,Apple App Store,"iPad, iPhone",Paid,2014-10-15,No,"Games, Education, Educational (Games), Family (Games)",No,7,,0.0,9,,0.0
939471603,Siopa / Shopping,Atebol Cyfyngedig,Apple App Store,"iPad, iPhone",Paid,2014-11-20,No,"Medical, Education",No,6,,0.0,3,,0.0
air.atebol.sgiliaucymdeithasol.FireDrill,Fire Drill,Atebol,Google Store,All,Paid,2014-05-28,No,Education,No,6,,0.0,3,,0.0
air.atebol.sgiliaucymdeithasol.VerbalBullying,Verbal bullying,Atebol,Google Store,All,Paid,2014-05-27,No,Education,No,6,,0.0,2,,0.0
922016586,ABC Spelling Aliens: Syllable Name & Phonic Sounds Combination FULL,Agnitus,Apple App Store,"iPad, iPhone",Paid,2014-10-08,No,"Games, Education",No,5,,0.0,6,,0.0
949216846,Ymarfer Larwm Tan / Practicing Fire Drill,Atebol Cyfyngedig,Apple App Store,"iPad, iPhone",Paid,2015-01-09,No,"Education, Health & Fitness",No,4,,0.0,2,,0.0
com.remnew.remnew,Remories,Remories,Google Store,All,Free,2015-09-21,No,Lifestyle,No,4,,0.0,0,,0.0
897830980,Kids Shape Puzzle Game : Learn about Shapes Sizes Space for PreschoolKindergarten & Grade 1 FULL,Agnitus,Apple App Store,"iPad, iPhone",Paid,2014-08-01,No,"Games, Education, Educational (Games), Puzzle (Games)",No,4,,0.0,2,,0.0
air.ShowMe,Show Me,ColorsKit,Google Store,All,Free,2014-12-31,Yes,Education,No,4,,0.0,0,,0.0
949216817,Bwlio Corfforol / Physical Bullying,Atebol Cyfyngedig,Apple App Store,"iPad, iPhone",Paid,2014-12-18,No,"Education, Health & Fitness",No,3,,0.0,1,,0.0
482316499,Look in My Eyes: House,FIZZBRAIN LLC,Apple App Store,"iPad, iPhone",Paid,2011-11-29,No,"Education, Entertainment",No,3,,0.0,6,,0.0
582988304,Plats de fêtes,OPUNTIA SA,Apple App Store,"iPad, iPhone",Paid,2012-12-10,No,"Food & Drink, Lifestyle",No,1,,0.0,2,,0.0
885034286,Bären Asperg,Tobit.Software,Apple App Store,"iPad, iPhone",Free,2014-06-02,No,Lifestyle,No,0,,0.0,0,,0.0
com.tea.trastorno.del.espectro.autista,TEA - Asperger,Proyecto-TIC.es,Google Store,All,Free,2015-12-13,No,Education,No,0,,0.0,0,,0.0
com.andrewfortiersoftware.aeq,Asperger's Eval Questionnaire,Andrew Fortier,Google Store,All,Free,2015-07-30,No,Health and Fitness,No,0,,0.0,0,,0.0
ch.asperger_ag.memestrator_pro,MEMEstrator,Asperger AG,Google Store,All,Paid,2015-07-27,No,Entertainment,No,0,,0.0,0,,0.0
949216741,Dadwisgo / Undressing,Atebol Cyfyngedig,Apple App Store,"iPad, iPhone",Paid,2015-01-09,No,"Health & Fitness, Entertainment",No,0,,0.0,0,,0.0
com.wAutismAU,Autism Au,ccmc.com.au,Google Store,All,Free,2015-11-15,No,Education,No,0,,0.0,0,,0.0
com.pina,PINA,Informatika Politeknik Kota Malang,Google Store,All,Free,2015-03-17,No,Education,No,0,,0.0,0,,0.0
939471610,Amser Gorffen / Time to Finish,Atebol Cyfyngedig,Apple App Store,"iPad, iPhone",Paid,2014-11-20,No,"Medical, Education",No,0,,0.0,0,,0.0
949216737,Cymryd tro wrth Chwarae Gem / Taking turns when Playing a Game,Atebol Cyfyngedig,Apple App Store,"iPad, iPhone",Paid,2015-03-30,No,"Education, Health & Fitness",No,0,,0.0,0,,0.0
949216701,Sut i Olchi Gwallt yn y Baddon / How to Wash Hair in a Bath,Atebol Cyfyngedig,Apple App Store,"iPad, iPhone",Paid,2014-12-18,No,"Education, Health & Fitness",No,0,,0.0,0,,0.0
949216691,Sut i gael Bath / How to take a Bath,Atebol Cyfyngedig,Apple App Store,"iPad, iPhone",Paid,2015-01-09,No,"Education, Health & Fitness",No,0,,0.0,0,,0.0
air.atebol.sgiliaucymdeithasol.AskingForHelpAtSchool,Asking for help at school,Atebol,Google Store,All,Paid,2014-05-27,No,Education,No,0,,0.0,0,,0.0
939465185,Bwyta a Chyllell a Fforc / Eating With Knife and Fork,Atebol Cyfyngedig,Apple App Store,"iPad, iPhone",Paid,2014-11-21,No,"Medical, Education",No,0,,0.0,0,,0.0
949216705,Sut i Olchi Gwallt yn y Gawod / How to Wash Hair in a Shower,Atebol Cyfyngedig,Apple App Store,"iPad, iPhone",Paid,2015-03-30,No,"Education, Health & Fitness",No,0,,0.0,0,,0.0
949216625,Sut i Sychu fy hun ar ol cael Bath neu Gawod / How to Dry Myself after taking a Shower or Bath,Atebol Cyfyngedig,Apple App Store,"iPad, iPhone",Paid,2015-03-30,No,"Education, Health & Fitness",No,0,,0.0,0,,0.0
949216745,Gwisgo Gwregys Diogelwch mewn Car / Wearing a Seatbelt in a Car,Atebol Cyfyngedig,Apple App Store,"iPad, iPhone",Paid,2015-03-30,No,"Education, Health & Fitness",No,0,,0.0,0,,0.0
949216825,Amser Cylch / Circle Time,Atebol Cyfyngedig,Apple App Store,"iPad, iPhone",Paid,2015-03-30,No,"Education, Health & Fitness",No,0,,0.0,0,,0.0
949216842,Ymweld ar Deintydd / Going to the Dentist,Atebol Cyfyngedig,Apple App Store,"iPad, iPhone",Paid,2015-01-09,No,"Education, Health & Fitness",No,0,,0.0,0,,0.0
com.orlando.giovanni.happysad,Emotions Quiz Learning Game,Giovanni Orlando,Google Store,All,Free,2015-07-05,No,Educational (Games),No,0,,0.0,0,,0.0
air.atebol.sgiliaucymdeithasol.TakingTurnsWhenPlayingAGame,Turn taking when playing games,Atebol,Google Store,All,Paid,2014-05-28,No,Education,No,0,,0.0,0,,0.0
air.atebol.sgiliaucymdeithasol.WinningAndLosing,Winning and losing,Atebol,Google Store,All,Paid,2014-05-28,No,Education,No,0,,0.0,0,,0.0
939469837,Gofyn am Help Pan Ar Goll / Asking for Help When Lost,Atebol Cyfyngedig,Apple App Store,"iPad, iPhone",Paid,2014-11-20,No,"Medical, Education",No,0,,0.0,0,,0.0
949216709,Cymryd tro wrth ddefnyddio Offer Chwarae / Taking turns when using Play Equipment,Atebol Cyfyngedig,Apple App Store,"iPad, iPhone",Paid,2015-01-02,No,"Education, Health & Fitness",No,0,,0.0,0,,0.0
939469607,Ateb y Ffôn / Answer the Phone,Atebol Cyfyngedig,Apple App Store,"iPad, iPhone",Paid,2014-11-21,No,"Medical, Education",No,0,,0.0,0,,0.0
939465214,Uwchfarchnad / Supermarket,Atebol Cyfyngedig,Apple App Store,"iPad, iPhone",Paid,2014-11-21,No,"Medical, Education",No,0,,0.0,0,,0.0
air.atebol.sgiliaucymdeithasol.Shopping,Shopping (small shop),Atebol,Google Store,All,Paid,2014-05-28,No,Education,No,0,,0.0,0,,0.0
com.mobincube.android.sc_3EZTVN,Sonidos animales,Espoapps,Google Store,All,Free,2015-06-22,No,Education,No,0,,0.0,0,,0.0
881972374,Gretton School,B60 LTD,Apple App Store,"iPad, iPhone",Free,2014-06-04,No,Lifestyle,No,0,,0.0,0,,0.0
com.arrayansoft.ReExe,ReEx (English),Arrayansoft,Google Store,All,Free,2015-03-12,No,Education,No,0,,0.0,0,,0.0
com.franceappli.LARESERVE,La RéServe,FranceAppli,Google Store,All,Free,2015-08-06,No,Lifestyle,No,0,,0.0,0,,0.0
cl.rehapp.rehapp,Rehapp,Rehapp,Google Store,All,Free,2015-07-21,Yes,Educational (Games),No,0,,0.0,0,,0.0
com.opeware.commhelper,Communication Helper,OpeWare,Google Store,All,Paid,2012-07-28,No,Communication,No,0,,0.0,0,,0.0
air.AlphabetUpperCase,Upper Case - Autism Series,ColorsKit,Google Store,All,Free,2015-09-28,Yes,Education,No,0,,0.0,1,,0.0
com.agnitus.play.tracinglinesmonsters.halloween.free,Smart Shape: Kids Tracing Game,Agnitus,Google Store,All,Free,2014-10-16,Yes,Educational (Games),No,0,,0.0,14,,0.0
922016536,Bunny Spelling ABC & Phonic Sounds FULL,Agnitus,Apple App Store,"iPad, iPhone",Paid,2014-10-08,No,"Games, Education",No,0,,0.0,0,,0.0
com.agnitus.play.shapebuildingmonsters.halloween.free,Tri Angle: Learn Shapes Puzzle,Agnitus,Google Store,All,Free,2014-10-16,Yes,Educational (Games),No,0,,0.0,8,,0.0
923326179,Monster Shapes Sorting Puzzle for Kids Halloween Theme FULL,Agnitus,Apple App Store,"iPad, iPhone",Paid,2014-10-16,No,"Games, Education, Educational (Games), Family (Games)",No,0,,0.0,0,,0.0
com.franceappli.SYLVAINSUTY,Sylvain Suty,FranceAppli,Google Store,All,Free,2015-09-30,No,Lifestyle,No,0,,0.0,0,,0.0
com.crosskeepers.kingkhanvideosongs,Shahrukh Khan Video Songs,ROBIN APPS,Google Store,All,Free,2015-11-11,No,Entertainment,No,0,,0.0,0,,0.0
922018952,Candy Bricks - Shape Building Jigsaw Puzzle for Toddlers in Preschool Kindergarten & 1st Grade,Agnitus,Apple App Store,"iPad, iPhone",Paid,2014-10-08,No,"Games, Educational (Games), Education, Puzzle (Games)",No,0,,0.0,0,,0.0
com.avazapp.autism.en.avaz_lite,Avaz Lite - AAC App for Autism,Avaz Inc.,Google Store,All,Free,2015-02-15,Yes,Education,No,0,,0.0,52,,0.0
562578933,Sono Flex BP,Tobii Dynavox LLC,Apple App Store,"iPad, iPhone",Paid,2012-10-10,No,Education,No,0,,0.0,0,,0.0
com.avazapp.autism.en_in.avaz,Avaz - AAC App for India,Avaz Inc.,Google Store,All,Free,2014-08-29,No,Communication,No,0,,0.0,62,,0.0
net.jp.apps.macchan.disneyhiraganaquiz,幼稚園 ひらがな for ディズニー クイズ お子様用 無料,MACCHAN,Google Store,All,Free,2015-08-30,No,Education,No,0,,0.0,0,,0.0
409705938,Dance Party Zoo,FIZZBRAIN LLC,Apple App Store,"iPad, iPhone",Paid,2010-12-18,No,"Education, Entertainment",No,0,,0.0,0,,0.0
414822397,Dance Party Dino,FIZZBRAIN LLC,Apple App Store,"iPad, iPhone",Paid,2011-01-18,No,"Education, Health & Fitness",No,0,,0.0,0,,0.0
com.andromo.dev378700.app477118,Aspergers,PattyWalk,Google Store,All,Free,2016-02-23,No,Health and Fitness,No,,,0.0,,,0.0
de.ulikoenig.asperge,Asperge - Speiseplan LandtagSH,Uli König,Google Store,All,Free,2016-01-22,No,Travel and Local,No,,,0.0,,,0.0
1079940711,Asperger Marriage Instant Help,Riding Mill Energy Contracts Ltd,Apple App Store,"iPad, iPhone",Paid,2016-02-11,No,"Books, Lifestyle",No,,,0.0,,,0.0
uk.co.rmec.amih,Asperger Marriage Instant Help,David Slee for RMEC & ARC,Google Store,All,Paid,2016-01-28,No,Books and Reference,No,,,0.0,,,0.0
1093263736,Thrive with Aspergers,Ezoic Inc.,Apple App Store,"iPad, iPhone",Free,2016-05-19,No,Books,No,,,0.0,,,0.0
com.bash.matrimony,BashMatrimony,Asperg,Google Store,All,Free,2016-02-07,No,Social,No,,,0.0,,,0.0
es.ucm.as_u,AS (U),Grupo G-TeC UCM,Google Store,All,Free,2016-06-06,No,Lifestyle,No,,,0.0,,,0.0
air.atebol.sgiliaucymdeithasol.HowToWashHairInAShower,How to wash hair in a shower,Atebol,Google Store,All,Paid,2014-05-28,No,Education,No,,,0.0,,,0.0
air.atebol.sgiliaucymdeithasol.Supermarket,Shopping (supermarket),Atebol,Google Store,All,Paid,2014-05-28,No,Education,No,,,0.0,,,0.0
air.atebol.sgiliaucymdeithasol.WearingASeatBelt,Wearing a seatbelt in a car,Atebol,Google Store,All,Paid,2014-05-28,No,Education,No,,,0.0,,,0.0
air.atebol.sgiliaucymdeithasol.EatingWithKnifeAndFork,Eating with a knife and fork,Atebol,Google Store,All,Paid,2014-05-27,No,Education,No,,,0.0,,,0.0
es.ucm.as_t,AS (T),Grupo G-TeC UCM,Google Store,All,Free,2016-06-07,No,Lifestyle,No,,,0.0,,,0.0
com.goodbehaviortools.tokens,EasyKidTokens,GoodBehaviorTools.com,Google Store,All,Free,2010-10-11,No,Education,No,,,0.0,,,0.0
com.voxdev.peopleinaction,People In Action,VoxDev Ltd,Google Store,All,Free,2016-01-07,No,Business,No,,,0.0,,,0.0
melbournepsychology.net.au.melbournecognitivepsychology,Melbourne Cognitive Psychology,Psychology Network Pty Ltd,Google Store,All,Free,2016-05-23,No,Health and Fitness,No,,,0.0,,,0.0
com.puzzle.profile.picture,Go Blue for Autism,GePro,Google Store,All,Free,2016-03-30,No,Photography,No,,,0.0,,,0.0
com.skyscape.packagedsmivtrktwopkdata.android.voucher.ui,Manual of Mental Disorders,"Aptus Health, Inc.",Google Store,All,Paid,2014-10-30,No,Medical,No,,,0.0,,,0.0
com.agnitus.play.jigsawhalloween.halloween.paid,Spooky- Simple Jigsaw Puzzle,Agnitus,Google Store,All,Paid,2014-10-16,No,Puzzle (Games),No,,,0.0,,,0.0
1105199987,iBrushTeeth SS,Kensei Ikeda,Apple App Store,iPad,Free,2016-04-21,No,"Education, Health & Fitness",No,,,0.0,,,0.0
com.mobincube.carpe_diem_taca.sc_3P97PC,Terapia con Animales,Dario Arquillue,Google Store,All,Free,2016-02-05,No,Lifestyle,No,,,0.0,,,0.0
1050927812,Peppy Pals - Reggy's Play Date,Peppy Pals AB,Apple App Store,"iPad, iPhone",Free,2016-01-28,No,"Games, Education, Educational (Games), Family (Games)",No,,,0.0,,,0.0
com.routinefactory.app,RoutineFactory,AutiPlan.com,Google Store,All,Free,2015-02-09,No,Education,No,,,0.0,,,0.0
com.Child.Psychology,Child Psychology,Studio.Mobile,Google Store,All,Free,2016-05-22,No,Health and Fitness,No,,,0.0,,,0.0
org.psychologynetwork,Psychology Network,Psychology Network Pty Ltd,Google Store,All,Free,2016-02-20,No,Health and Fitness,No,,,0.0,,,0.0
com.eqidz.reggysplaydate,Peppy Pals - Reggy's Play Date,Peppy Pals,Google Store,All,Paid,2016-04-06,No,Educational (Games),No,,,0.0,,,0.0
com.andromo.dev378700.app476065,Child Psychology,PattyWalk,Google Store,All,Free,2016-02-16,No,Health and Fitness,No,,,0.0,,,0.0
